--
-- PostgreSQL database dump
--

-- Dumped from database version 13.2
-- Dumped by pg_dump version 13.2

SET statement_timeout = 0;
SET lock_timeout = 0;
SET idle_in_transaction_session_timeout = 0;
SET client_encoding = 'UTF8';
SET standard_conforming_strings = on;
SELECT pg_catalog.set_config('search_path', '', false);
SET check_function_bodies = false;
SET xmloption = content;
SET client_min_messages = warning;
SET row_security = off;

SET default_tablespace = '';

SET default_table_access_method = heap;

--
-- Name: chatroom_data; Type: TABLE; Schema: public; Owner: kevincheng
--

CREATE TABLE public.chatroom_data (
    id integer NOT NULL,
    message json NOT NULL,
    room text NOT NULL
);


ALTER TABLE public.chatroom_data OWNER TO kevincheng;

--
-- Name: chatroom_data_id_seq; Type: SEQUENCE; Schema: public; Owner: kevincheng
--

CREATE SEQUENCE public.chatroom_data_id_seq
    AS integer
    START WITH 1
    INCREMENT BY 1
    NO MINVALUE
    NO MAXVALUE
    CACHE 1;


ALTER TABLE public.chatroom_data_id_seq OWNER TO kevincheng;

--
-- Name: chatroom_data_id_seq; Type: SEQUENCE OWNED BY; Schema: public; Owner: kevincheng
--

ALTER SEQUENCE public.chatroom_data_id_seq OWNED BY public.chatroom_data.id;


--
-- Name: examples; Type: TABLE; Schema: public; Owner: pj1
--

CREATE TABLE public.examples (
    id integer NOT NULL,
    idiom_id integer NOT NULL,
    example character varying(500) NOT NULL
);


ALTER TABLE public.examples OWNER TO pj1;

--
-- Name: examples_id_seq; Type: SEQUENCE; Schema: public; Owner: pj1
--

CREATE SEQUENCE public.examples_id_seq
    AS integer
    START WITH 1
    INCREMENT BY 1
    NO MINVALUE
    NO MAXVALUE
    CACHE 1;


ALTER TABLE public.examples_id_seq OWNER TO pj1;

--
-- Name: examples_id_seq; Type: SEQUENCE OWNED BY; Schema: public; Owner: pj1
--

ALTER SEQUENCE public.examples_id_seq OWNED BY public.examples.id;


--
-- Name: idiom_situations; Type: TABLE; Schema: public; Owner: pj1
--

CREATE TABLE public.idiom_situations (
    id integer NOT NULL,
    idiom_id integer NOT NULL,
    situation_types_id integer NOT NULL
);


ALTER TABLE public.idiom_situations OWNER TO pj1;

--
-- Name: idiom_situations_id_seq; Type: SEQUENCE; Schema: public; Owner: pj1
--

CREATE SEQUENCE public.idiom_situations_id_seq
    AS integer
    START WITH 1
    INCREMENT BY 1
    NO MINVALUE
    NO MAXVALUE
    CACHE 1;


ALTER TABLE public.idiom_situations_id_seq OWNER TO pj1;

--
-- Name: idiom_situations_id_seq; Type: SEQUENCE OWNED BY; Schema: public; Owner: pj1
--

ALTER SEQUENCE public.idiom_situations_id_seq OWNED BY public.idiom_situations.id;


--
-- Name: idiom_types; Type: TABLE; Schema: public; Owner: pj1
--

CREATE TABLE public.idiom_types (
    id integer NOT NULL,
    type character varying(255) NOT NULL
);


ALTER TABLE public.idiom_types OWNER TO pj1;

--
-- Name: idiom_types_id_seq; Type: SEQUENCE; Schema: public; Owner: pj1
--

CREATE SEQUENCE public.idiom_types_id_seq
    AS integer
    START WITH 1
    INCREMENT BY 1
    NO MINVALUE
    NO MAXVALUE
    CACHE 1;


ALTER TABLE public.idiom_types_id_seq OWNER TO pj1;

--
-- Name: idiom_types_id_seq; Type: SEQUENCE OWNED BY; Schema: public; Owner: pj1
--

ALTER SEQUENCE public.idiom_types_id_seq OWNED BY public.idiom_types.id;


--
-- Name: idioms; Type: TABLE; Schema: public; Owner: pj1
--

CREATE TABLE public.idioms (
    id integer NOT NULL,
    key character varying(255) NOT NULL,
    year_popular integer NOT NULL,
    idiom_type character varying(255) NOT NULL,
    count integer DEFAULT 0 NOT NULL,
    created_at timestamp without time zone NOT NULL,
    updated_at timestamp without time zone NOT NULL
);


ALTER TABLE public.idioms OWNER TO pj1;

--
-- Name: idioms_id_seq; Type: SEQUENCE; Schema: public; Owner: pj1
--

CREATE SEQUENCE public.idioms_id_seq
    AS integer
    START WITH 1
    INCREMENT BY 1
    NO MINVALUE
    NO MAXVALUE
    CACHE 1;


ALTER TABLE public.idioms_id_seq OWNER TO pj1;

--
-- Name: idioms_id_seq; Type: SEQUENCE OWNED BY; Schema: public; Owner: pj1
--

ALTER SEQUENCE public.idioms_id_seq OWNED BY public.idioms.id;


--
-- Name: initiate_words; Type: TABLE; Schema: public; Owner: pj1
--

CREATE TABLE public.initiate_words (
    id integer NOT NULL,
    idiom_id integer NOT NULL,
    initiate_words character varying(30) NOT NULL
);


ALTER TABLE public.initiate_words OWNER TO pj1;

--
-- Name: initiate_words_id_seq; Type: SEQUENCE; Schema: public; Owner: pj1
--

CREATE SEQUENCE public.initiate_words_id_seq
    AS integer
    START WITH 1
    INCREMENT BY 1
    NO MINVALUE
    NO MAXVALUE
    CACHE 1;


ALTER TABLE public.initiate_words_id_seq OWNER TO pj1;

--
-- Name: initiate_words_id_seq; Type: SEQUENCE OWNED BY; Schema: public; Owner: pj1
--

ALTER SEQUENCE public.initiate_words_id_seq OWNED BY public.initiate_words.id;


--
-- Name: meanings; Type: TABLE; Schema: public; Owner: pj1
--

CREATE TABLE public.meanings (
    id integer NOT NULL,
    idiom_id integer NOT NULL,
    user_id integer NOT NULL,
    meaning text NOT NULL
);


ALTER TABLE public.meanings OWNER TO pj1;

--
-- Name: meanings_id_seq; Type: SEQUENCE; Schema: public; Owner: pj1
--

CREATE SEQUENCE public.meanings_id_seq
    AS integer
    START WITH 1
    INCREMENT BY 1
    NO MINVALUE
    NO MAXVALUE
    CACHE 1;


ALTER TABLE public.meanings_id_seq OWNER TO pj1;

--
-- Name: meanings_id_seq; Type: SEQUENCE OWNED BY; Schema: public; Owner: pj1
--

ALTER SEQUENCE public.meanings_id_seq OWNED BY public.meanings.id;


--
-- Name: situation_types; Type: TABLE; Schema: public; Owner: pj1
--

CREATE TABLE public.situation_types (
    id integer NOT NULL,
    type character varying(255) NOT NULL
);


ALTER TABLE public.situation_types OWNER TO pj1;

--
-- Name: situation_types_id_seq; Type: SEQUENCE; Schema: public; Owner: pj1
--

CREATE SEQUENCE public.situation_types_id_seq
    AS integer
    START WITH 1
    INCREMENT BY 1
    NO MINVALUE
    NO MAXVALUE
    CACHE 1;


ALTER TABLE public.situation_types_id_seq OWNER TO pj1;

--
-- Name: situation_types_id_seq; Type: SEQUENCE OWNED BY; Schema: public; Owner: pj1
--

ALTER SEQUENCE public.situation_types_id_seq OWNED BY public.situation_types.id;


--
-- Name: user_fav_words; Type: TABLE; Schema: public; Owner: kevincheng
--

CREATE TABLE public.user_fav_words (
    id integer NOT NULL,
    user_id integer NOT NULL,
    idiom_id integer NOT NULL
);


ALTER TABLE public.user_fav_words OWNER TO kevincheng;

--
-- Name: user_fav_words_id_seq; Type: SEQUENCE; Schema: public; Owner: kevincheng
--

CREATE SEQUENCE public.user_fav_words_id_seq
    AS integer
    START WITH 1
    INCREMENT BY 1
    NO MINVALUE
    NO MAXVALUE
    CACHE 1;


ALTER TABLE public.user_fav_words_id_seq OWNER TO kevincheng;

--
-- Name: user_fav_words_id_seq; Type: SEQUENCE OWNED BY; Schema: public; Owner: kevincheng
--

ALTER SEQUENCE public.user_fav_words_id_seq OWNED BY public.user_fav_words.id;


--
-- Name: users; Type: TABLE; Schema: public; Owner: pj1
--

CREATE TABLE public.users (
    id integer NOT NULL,
    username character varying(20),
    email character varying(255) NOT NULL,
    profile_pic text,
    is_admin boolean NOT NULL,
    is_banned boolean NOT NULL,
    created_at timestamp without time zone NOT NULL,
    updated_at timestamp without time zone NOT NULL,
    google_token character varying(255),
    dark_mode boolean NOT NULL
);


ALTER TABLE public.users OWNER TO pj1;

--
-- Name: users_id_seq; Type: SEQUENCE; Schema: public; Owner: pj1
--

CREATE SEQUENCE public.users_id_seq
    AS integer
    START WITH 1
    INCREMENT BY 1
    NO MINVALUE
    NO MAXVALUE
    CACHE 1;


ALTER TABLE public.users_id_seq OWNER TO pj1;

--
-- Name: users_id_seq; Type: SEQUENCE OWNED BY; Schema: public; Owner: pj1
--

ALTER SEQUENCE public.users_id_seq OWNED BY public.users.id;


--
-- Name: chatroom_data id; Type: DEFAULT; Schema: public; Owner: kevincheng
--

ALTER TABLE ONLY public.chatroom_data ALTER COLUMN id SET DEFAULT nextval('public.chatroom_data_id_seq'::regclass);


--
-- Name: examples id; Type: DEFAULT; Schema: public; Owner: pj1
--

ALTER TABLE ONLY public.examples ALTER COLUMN id SET DEFAULT nextval('public.examples_id_seq'::regclass);


--
-- Name: idiom_situations id; Type: DEFAULT; Schema: public; Owner: pj1
--

ALTER TABLE ONLY public.idiom_situations ALTER COLUMN id SET DEFAULT nextval('public.idiom_situations_id_seq'::regclass);


--
-- Name: idiom_types id; Type: DEFAULT; Schema: public; Owner: pj1
--

ALTER TABLE ONLY public.idiom_types ALTER COLUMN id SET DEFAULT nextval('public.idiom_types_id_seq'::regclass);


--
-- Name: idioms id; Type: DEFAULT; Schema: public; Owner: pj1
--

ALTER TABLE ONLY public.idioms ALTER COLUMN id SET DEFAULT nextval('public.idioms_id_seq'::regclass);


--
-- Name: initiate_words id; Type: DEFAULT; Schema: public; Owner: pj1
--

ALTER TABLE ONLY public.initiate_words ALTER COLUMN id SET DEFAULT nextval('public.initiate_words_id_seq'::regclass);


--
-- Name: meanings id; Type: DEFAULT; Schema: public; Owner: pj1
--

ALTER TABLE ONLY public.meanings ALTER COLUMN id SET DEFAULT nextval('public.meanings_id_seq'::regclass);


--
-- Name: situation_types id; Type: DEFAULT; Schema: public; Owner: pj1
--

ALTER TABLE ONLY public.situation_types ALTER COLUMN id SET DEFAULT nextval('public.situation_types_id_seq'::regclass);


--
-- Name: user_fav_words id; Type: DEFAULT; Schema: public; Owner: kevincheng
--

ALTER TABLE ONLY public.user_fav_words ALTER COLUMN id SET DEFAULT nextval('public.user_fav_words_id_seq'::regclass);


--
-- Name: users id; Type: DEFAULT; Schema: public; Owner: pj1
--

ALTER TABLE ONLY public.users ALTER COLUMN id SET DEFAULT nextval('public.users_id_seq'::regclass);


--
-- Data for Name: chatroom_data; Type: TABLE DATA; Schema: public; Owner: kevincheng
--

COPY public.chatroom_data (id, message, room) FROM stdin;
163	{"username":"i","text":"k 網紅","time":"10:48 pm"}	人頭豬
164	{"username":"雞","text":"網紅","time":"10:48 pm"}	人頭豬
165	{"username":"kevinchengsds","text":"sdfds","time":"3:10 pm"}	人頭豬223
\.


--
-- Data for Name: examples; Type: TABLE DATA; Schema: public; Owner: pj1
--

COPY public.examples (id, idiom_id, example) FROM stdin;
1	1	小你個區要強制檢測！
2	2	點解佢咁後生就可以退休，唔通係阿姨我不想努力了？
3	3	唉，聽日blue Monday，哭𠹌佐。
4	4	佢竟然連咁簡單既問題都唔識答，真系siu4人
5	4	哈哈，條片真係好痴線，siu4
6	5	呢間日本餐廳既拉麵絕對係世一！\n
7	5	\n美斯係我心目中永遠係世一。
8	5	佢真係堅勁揪，就算唔係世一都係世二。
9	6	聽我講，回頭是岸，唔好再做simp了！
10	7	大家請見字飲水，注意身體健康。
11	8	元朗行動中有很多風林火山。
12	9	2020年5月非裔美國人George Floyd被白人警員暴力執法致死，引發美國全國「Black Lives Matter」反種族歧視運動，其後更蔓延至世界各地。
13	10	抗議種族歧視！抗議警暴！#blackouttuesday (Blackout Tuesday)
14	11	2020年新冠肺炎爆發期間，多間企業決定實行WFHF。
15	12	香港嘅言論自由被送上斷頭台。
16	13	林鄭錯誤引述曼德名言一事被戲稱為曼德拉效應。
17	14	你拎左「底褲口罩」未呀？有香港身份證就攞得，上qmask.gov.hk登記就得，兩星期內會以郵政派送方式送上門。
18	15	年尾要清假，但封左關又唔去得旅行，唯有去酒店staycation啦。
19	16	我吊高你媽過海，依個時候仲去旅行？
20	17	小粉紅對奶茶聯盟的戰事很緊湊。
21	18	NMSL 你也去死吧！
22	19	估唔到一句台灣女孩竟然引發nnevvy中泰大戰。
23	20	有冇人想睇星？想搵車巴打一齊睇。
24	20	今晚有車聚，有無車巴想一齊去？
25	21	要唔要買包Happy仔開心果？聽聞食完會開心啲。
26	22	哇！500蚊買一盒口罩，簡直係「炒罩」！\n
27	22	嗰間藥房「炒罩」㗎，唔好再去嗰間藥房啦/冇良心！良心
28	23	喂，呢個「25肌肉巴人地」岩你呀！\n\n註：「25肌肉巴人地」是指有女朋友的25歲肌肉男。
29	24	聽聞新加入果位師兄係紀巴。
30	25	下星期會有位新同學黎學潛水，聽聞佢係係消巴，好期待啊！
31	26	2020年武漢肺炎爆發期間，6名恆生銀行的管理培訓生(MT)將行山照片上傳至Instagram並標上「Best WFH activity」，因而被揭發在Work from Home期間相約行山。
32	27	邊爐家族事件發生後，多間快餐店相繼暫停打邊爐。
33	28	2020年武漢肺炎爆發期間，香港多間企業為防止疫情於社區擴散，容許員工在家工作。有6名恆生銀行的管理培訓生(MT)被發現在Work from Home期間相約一同行山，並將合照上傳至Instagram，網民戲稱恆生銀行為行山銀行。
34	29	今次你仲唔死？R.A.P.
35	30	小明：「我明天去日本了！」\n網民A：「2盒thx」\n網民B：「2盒 謝謝」\n網民C：「2盒 好人一生平安」
36	31	我想我中玄毒了，連夜晚發夢都見到玄彬。
37	32	特首林鄭月娥稱自己由小學到大學幾乎每次考試都考第一，其中一次因為得不到第一名而哭成淚人。
38	33	隔離屋個花C9買股票好叻架，我跟佢買賺左唔少。\n
39	33	哇，欣欣做乜著到成個C9咁？
40	34	經部門主管加持後，同事們成功爭取加薪！\n
41	34	經特首「加持」後，原本的100萬人遊行已升級為200萬人大遊行。
42	35	呢相係上年去旅行既相 #tb
43	35	原來隔離班個嘉莉係Tomboy(TB)。
44	36	人命無價，任何人都絕不可以草管人命。
45	37	\n老闆今日請病假，已fc！
46	38	有消息話隔離department個小娥比人炒左尤魚！未fc / fact checked
47	39	老師做咩係度自high，講完個爛gag自己係度笑，全場無人理佢...
48	40	邊度有得學sls? 聽說林俊傑也是用sls唱法。
49	40	\n竟然有人講得呢間壽司好食，真係sls，佢地係唔係味覺有問題？
50	41	呢間餐廳既海南雞飯好jeng呀！
51	41	多謝你地幫我搞farewell，我今晚玩得好開心，有你地呢班同事真係好jeng！
52	42	新出果個節目汪阿Tag有份主持，幾好笑架！\n
53	42	而家潮流興汪阿Tag。
54	43	昨晚多間茶餐廳被裝修。
55	44	果間係偽黃店，為左賺錢扮黃，唔好中計。
56	45	出自魯迅的短篇小說《藥》。小說中革命者被處決後，鮮血被用來製成人血饅頭，傳聞指人血饅頭能醫百病。
57	46	政府漠視民意，一意孤行，有示威者已做好攬炒的決心準備。
58	47	而家啲人咁鐘意玩sfs..
59	48	2019年反送中示威中，反對運動者把口號「時代革命」改為「時代垃圾」。
60	49	我認為今次呢個project嘅主題應該要係成立獨立調查委員會， 我講完喇，我發炎鉛筆。
61	50	你有冇follow呢個fam J 呀？
62	51	今日黨鐵有不合作運動呀！
63	51	「不如去搭地鐵咯？」「不了，地鐵變咗黨鐵，我驚搭搭下有咩事發生。」
64	52	示威者都期盼著於煲底除下面罩相見的一天。
65	53	恭喜何已完！
66	54	如果你決定下星期要黎參加我既畢業禮，LMK啦。
67	55	DLLM 你又掛住打機唔做功課，下次再係咁唔借功課你抄！\n
68	55	DLLM 有無搞錯！咁大班暴徒係西鐵站追打市民竟然可以無警察？
69	56	香港中文大學在Google Map曾一度被改名為「香港暴徒中文大學」，簡稱暴大。
70	57	作為一個職業校巴司機，我的職責當然要接放學，安全地送學生回家。
71	58	要跟住大隊唔好落單呀！
72	59	阿sir對唔住，我今日黎唔到上堂，因為MTR變左EmptyR...
73	60	相信佢地好快就被政府當condom，用完即棄。
74	61	尋日TG大放題，短短一日已經射左1400發TG。
75	61	愈黎愈多人改用TG。
76	62	果邊咩事咁多Green Object？
77	62	哇，你今日著到成個Green Object咁既，綠衫綠褲綠鞋...
78	63	2019年反送中示威期間，警方多次假扮成示威者混入人群之中。由於警員通常會將配槍或警棍掛在腰間並藏於衣服內，有網民於是提出全民攝衫方案，建議所有市民一起攝衫，沒有攝衫的就很大機會是警方間諜。
79	64	既然不能走正常程序，那就只能私了。
80	65	連儂牆火速被撕紙狗破壞。
81	66	感謝樓主大大的無私分享，好人一生平安。
82	66	認同請轉發，分享是美德，好人一生平安。
83	67	呢個消息仲未Fact Check，建議大家唔好跟車太貼，避免集體炒車。
84	68	呢場運動就算錫春袋都唔會割蓆！
85	69	呢個國家既popo好親民啊！
86	70	和理非及勇武派缺一不可！
87	71	銀髮族嚮應號召，數千長者接力遊行，要令政府聽到社會各階層的聲音。
88	72	呢個政府啲政策真係堅離地。
89	73	連儂牆又再出現了。
90	74	你點解要搞我呀，我只不過係想攞返樽鹽姐，我搵唔到樽鹽喇而家。
91	75	大家要be water，需要退既時候就要退，唔好死守。
92	76	「出黎啦！屌你老母！自由hi！」
93	77	「我係記者啊」「記者？記你老母！」
94	77	「大家今晚記得做功課啊」「記你老母！」
95	78	隊長，我們先撤退吧，不要再送頭了！
96	79	因航又有負面新聞喇。
97	80	新黎果個輝哥又靚仔又孝順，絕對係bfable呀！
98	81	韓國流行的心心手勢已經成為了meme。
99	81	\n小張製作的影片在一夜之間迅速變成了meme。\n
100	81	這個詞竟然變了meme，還上了潮語字典！
101	82	喂，咁耐無見，搵日約出黎catch up下啦。
102	82	\n畢業後大家都好忙，每次catch up既時間好短，所以大家都好珍惜。
103	82	個課程太趕，我完全catch up唔到。
104	83	記者朋友唔該賞花杏仁露。
105	83	\n同學，請你立即賞花杏仁露！
106	84	小安同小心又一齊返？睇怕都係最後的童話。
107	85	安心事件全城轟動，仲大件事過巴黎聖母院失火。
108	86	藝人許志安被爆出軌後開記者會提到：「我唔知點去走我以後嘅路，呢一刻係冇咗靈魂，我係一個壞左既人，希望大家可以畀時間我搵番我自己，我要同所有朋友講對唔住。」\n\n網民認為「壞左既人」這個詞彙很新穎，因而決定將其收錄於潮語字典。
109	87	近日小粉紅與泰國網民在Twitter大戰。
110	88	果邊咩事咁多Object？\n
111	88	\n對面有三個Yellow Object同兩個White Object行緊過黎。
112	89	佢有中二病架，以為全世界都要聽佢講。
113	90	頭先果場你好勁呀，對面三個圍你一個都唔夠你打，666
114	91	可以考慮搵Micro Influencer幫手宣傳你個新product呀。
115	92	LM等睇樓主被插。
116	93	今日打邊爐oj嗎？
117	94	十幾人無交功課，個個都唔鬧淨係鬧我一個，好唔gur。
118	95	聽日有三個project要交，好chur。\n
119	95	\n已經好耐無見過小強了，佢日日被女友Chur爆。
120	96	陳焗腸話會嚴肅跟進今次事故喎！\n
121	96	\n焗腸講既野你都信？
122	97	GCHI梁議員連任！
123	97	\n全靠大家GCHI，本會終於成功當選，今後仍然需要大家多多GCHI。
124	98	我地去完旅行返黎喇，七日不見如隔一周，有無掛住我地啊？
125	99	「6uo點解？」\n「即係你囉，on9」
126	100	我一向唔太喜歡飲廢水，但呢間店既廢水真係勁好飲，高度推薦。
127	101	My mother is a Sodiasm in QE Hospital.
128	102	呢間餐廳老闆係Nancy。
129	103	tyft 張相好靚啊！
130	104	喂你頭先答阿sir問題做咩答到咁stone啊？
131	105	你唔係扮蠢架喎，你係真蠢架喎，咁簡單都唔識做，你正一人頭豬黎架！正垃圾！
132	106	法唔法國最近少左好多遊客？
133	107	大部分店舖會在光棍節瘋狂勁減，千萬不要錯過這個一年一度的好機會。
134	108	FML，仲有十篇文未作完，今晚唔使訓luuu...
135	109	走大橋看珠西，我們應多多了解中國。
136	109	搵日得閒一齊去走大橋看珠西。
137	110	曹總竟然follow左小麗既IG，係愛呀哈利！
138	110	\n「. 真係唔明點解明叔成日都送飯俾露宿者。」「咁你都唔明？係愛呀哈利！」
139	111	1. CLS 拎一萬億黎倒落海？
140	111	\n點解呢個國家既人咁鐘意周街屙屎？前面有咪有廁所囉，係都要係條街度屙。我係你屋企門口屙得唔得呀？CLS！\n
141	111	記得CLS，Comment、Like、Share我地嘅YouTube頻道啊。
142	111	CLS公司俾得果幾千蚊人工仲要人日日OT..
143	112	高鐵平均每日客量八萬是最佳估算，而非目標。\n
144	112	\n考試100分是最佳估算，而非目標。
145	113	1. 臣子參見leung leung！\n2. 最近leung leung收左唔少兵喎。
146	114	小明為使別人疏遠阿輝，向阿輝的朋友打毒針。
147	115	你真係無藥可救，望君嘗糞啦你！
148	116	毛記憑著一眾毛毛的努力終於成功上市，身為毛粉既我為佢地感到高興。
149	116	我個仔去完內地留學之後變左毛粉，成日話爹親娘親不及毛主席親...
150	117	恭喜跳高女神再度破紀錄！
151	118	神奇小子傅家俊近期因為視網膜退化，退出多項賽事。
152	118	\n下星期神奇小子有拳賽，一齊去支持佢！
153	119	小芝係一個佛系女仔，乜都唔做，唔識化妝，信緣分等男人到手
154	120	是咁的，今天我脫離單身了！
155	120	\n是咁的，我覺得你唱歌唱得幾好聽，不過有少少太大聲，呢度始終係辦公室...
156	121	專家Dickson先生於毛記葵涌上市當天為公司敲鑼、發言、接受財經記者訪問，風頭甚至蓋過即將開show的東方昇及腦細林日曦。
157	122	1. 你盤生意連雜誌仔都不如喎...\n2. 陣間順便幫我買本雜誌仔丫唔該！
158	123	呢段新聞咁戲劇化既，似足大台電視劇既劇情。
159	124	他因為推友的一句說話而決定離家出走。
160	125	完全唔明呢段片講咩，睇完我真係黑人問號。
161	126	宇宙最強又有新戲喇，一定要睇！
162	127	又到左一年一度的P圖大賽，冠軍可獲10元豐厚獎金！\n
163	127	\n嘉莉張相P圖P到個樣完全唔同哂...
164	128	去到加拿大要記得我啊，BFF！
165	129	物價愈來愈貴，粟米六粒飯的日子不遠了。
166	129	到底粟米六粒飯係六粒粟米定六粒飯？
167	130	好緊火，點算好？
168	131	上水今日咩事咁塞車？\n塞車因為車多丫嘛。
169	132	屋企隻喵星人淨係識食同訓。
170	133	佢輸左比賽之後即刻擺出左「失意體前屈」既姿勢，應該好失落。
171	134	佢似Taylor Swift？Cal9lation啦
172	135	上星期拍的照片 #latergram
173	136	我頭先響維園見到尖啤呀！\n
174	136	最近尖啤好似低調左。
175	137	打我？0748
176	138	果個人咁kam既。\n
177	138	\n頭先唔小心拖錯左第二個男人，真係好kam..
178	139	暑假咁就完左，下星期就要返學了，真係懷疑人生...
179	139	呢間店既魚生真係好食到懷疑人生呀！\n
180	139	生仔真係痛到懷疑人生…
181	139	今個夏天真係熱到懷疑人生呀！
182	140	咁都俾你抽中左部iPhone，You fat fat la!
183	141	歌詞都唔岩音既，個填詞人係邊間教會架？
184	142	陣間去唱K唔知有無得唱Earth vely danger呢？
185	143	今屆區議會選舉多左好多政治素人。
186	144	今晚個節目游生做主持喎！
187	145	呢個火車頭好煩呀，跟住佢尾真係索晒啲煙……
188	146	Ming仔是近年人數高企的網紅之一。
189	147	「IT狗」此詞出自雜誌《數學與科技》裡面的一句對白
190	147	「IT狗，你的資訊真的很有用」。
191	148	如果我開IG有幾多人會fol我？
192	148	\n好開心，女神竟然fol我！\n
193	148	尋日鬧完交之後佢竟然unfol左我 T_T
194	148	\n麻煩大家請fol我，我會fol返大家。
195	149	\n我試過連續食3支煙，我係唔係壞過凱婷？
196	149	\n得喇得喇，知你壞喇，壞過凱婷喇…
197	149	有無搞錯呀，放假都做公司野，做壞規矩，你真係壞過凱婷呀！
198	150	最近唔少品牌都請KOL做代言人。
199	151	部份FB grp入面D友仔成日玩小圈子圍爐打飛機，做埋D on9野知唔知自己柒架
200	152	乜你打機咁廢架，好雷呀你。
201	153	今日無啦啦俾老闆小，勁嬲，嬲到跳哂掣！
202	154	公司黎左位gfable既女同事，機會黎喇，飛雲！
203	155	你咁樣鬧老師好OP。
204	155	你打機咁勁嘅，OP呀你。
205	156	今日咁得閒，等我釣人食飯先。
206	157	有無人想釣我食飯？
207	158	有無人會想釣你食飯？
208	159	梁振英特首在喚起民眾對民主的重要性上可謂有極不無聊的作用。
209	160	黃生明明係一間蚊型舖頭嘅經理仔，但佢架勢十足，當正自己管理過百員工咁以為自己好把炮咁，真係好天臨君下啊！
210	161	小明：「唉，唔知點解最近每次約女友出街，佢都話唔得閒...」\n小強：「帽事既」
211	162	今日張華峰成個Tree根二世上身講錯嘢，講完「選文」之後仲「天臨君下」。
212	163	高登論壇的粗口過濾器會自動把「仆街」過濾成「hihi」。
213	164	美國總統侵侵於2017年5月13日在twitter發了這條推文：「Despite the constant negative press covfefe」。侵侵這條推文引發全球熱議，因為無論在字典上還是網絡上都找不到「covfefe」的意思。
214	165	係阿明同腦細既新廣告呀！
215	166	哇，你升得咁快既，你係課長黎架？
216	166	哇，你裝備咁勁嘅，你係課長黎架？
217	167	情人節唔好上IG啦！準備避閃啦！
218	168	從事倫敦金的人士每當完成一單生意就會在社交平台留言「精神！爆數！」，「精神」一詞自此成為潮語。
219	169	一位家長誤發訊息「HJ2Q」到一個家長whatsapp群組，被其他家長cap圖放上網。
220	170	唉，咁快就過年，又要聽班親戚問長問短，我考慮緊搵返個PTBF應付班親戚...
221	171	最近社會對ptgf的需求愈黎愈大，竟然係jobsdb都見到ptgf既廣告 -_-"
222	172	北韓是世界上最幸福的國家，沒有之一。
223	172	\n一風堂是金鐘最美味的日本拉麵，沒有之一。
224	173	有無d停車場係免費或者邊度女平架?
225	174	生快！今年也要健健康康啊！
226	175	反對小圈子選舉！777下台！
227	175	當年689無7用，今次777終於拎返幾個7。
228	176	曾俊華在情人節當天於Facebook放閃，對曾太說「今天我們不談一國兩制只談一生一世」。
229	176	情人節都係唔好上Facebook喇，個個係度放閃 :'(
230	177	又係你呀文生？
231	177	文生，全部都係文生...
232	178	林月鄭娥施捨500元予乞丐，真離地！
233	179	小葉：你睇下我d腳毛幾性感！\n小林：講還講唔好貼圖...
234	180	李宗偉好大機會奪冠，馬國明放假一天冇難度 XD
235	181	我都唔想頂你份糧嫁，係上帝叫我咁做咋！
236	182	林鄭多次為梁振英化解政治危機，因此被網民稱為奶媽。
237	183	由即日起至特首選戰結束，本餐廳的招牌菜「Don't Vote For Lam Rice」將有5折優惠。我們沒有票，只能以這樣的方式表達意見，希望各位選委能夠將我們小市民的聲音帶入票箱。
238	184	「男人的浪漫，豆腐火腩飯」出自一篇高登潮文。
239	185	一名日本人在茶餐廳點菜時，把粟米肉粒飯誤聽成Show me your love rice。
240	186	佢已經服兵役5年了，好佩服佢既毅力。
241	187	有冇睇youtube段片啊，吹屎眼又有世界級嘅普通話表演。
242	188	吹水安發表施政報告咪又係到照讀稿。
243	189	聽日過大海玩吓先！
244	190	今個禮拜六去馬交放鬆吓先。
245	191	請你不要質疑笨撚的辦事能力。
246	192	Ga Yau! 聽日場比賽你一定可以贏！\n
247	192	\n香港人Ga Yau！
248	193	雖然689宣佈左唔參選下屆特首，不過唔好忘記仲有個女版689，大家唔好掉以輕心，12月11日一定要出黎投票，一齊踢走689！
249	194	講埋啲咁嘅野，「張學友.jpg」
250	195	689宣佈放棄連任，我最想多謝既係燈神燒山，全靠佢話689有機會入閘！
251	196	希望下屆特首千祈唔好由R.IP做，佢將會係另一個689。
252	197	記者：「你最希望下屆特首由誰出任？」\n小明：「ABC」
253	198	不少老人家於投票前都會獲發掌心雷。
254	199	小明：「陣間去前面果間canteen食lunch好唔好？」\n小強：「又食蟲Can？」
255	200	一直被看淡的侵侵竟然當選了，好多人都跌晒眼鏡...
256	201	唔係呀嘛，當奴侵真係赢左...
257	202	希望佢唔好被DQ啦...
258	203	好心你講嘢唔好1999。
259	204	無啦啦要我OT到10點，飯都未食呀，真係Hangry！
260	205	黎緊四年要成日對住梁38...\n好掛住曾鈺成呀！
261	206	甲：點解某黨係區議會反對，但係立法會又支持？\n乙：哦，呢D咪叫議政時差囉！
262	207	小明：「Side Angle Side ♪♪♪ Side Side Side ♪♪♪」\n小強：「仲唱SAS咁Out？而家梗係唱PPAP啦！I have a pen ♪♪♪ I have an apple ♪♪♪」
263	208	我地洗唔洗好似特首咁搞返個Three C Meeting？
264	209	叫你唔應機？
265	210	到底薯片叔叔會唔會選特首呢？
266	211	689刻意分化社會，挑起事端，令市民與慈母劍弩拔張。
267	212	高登網民為名曲「夢中的婚禮」配上歌詞，改編歌曲名為「雞，全部都係雞」。雖然整首歌曲只有「雞，全部都係雞」一句歌詞，但卻非常洗腦，結果一夜爆紅。
268	213	多得左膠，香港既社運咁多年黎都爭取唔到啲咩成果！
269	214	我學會了，用，鄺體寫作了，我的作品，將來，肯定大賣！
270	215	呢間強國餐廳竟然將「干爆鴨子」翻譯成「Fuck the Duck Until Exploded」，真係Goodest English。
271	216	記者訪問中國泳手孫楊時問到對方會否在1500米的賽事中擊敗對手賀頓，孫楊以「1500 metres, I am the king, I am the new world.」作回應。
272	217	記者訪問中國泳手傅園慧時問到她是否有保留實力，傅園慧搖頭指已經用了「洪荒之力」。
273	218	阿Mark和阿Alice的關係那麼密切，連她的欲望，Mark也知道。莫非阿Mark係阿Alice的心入面條蟲」?
274	219	內地人說討厭日本侵佔釣魚台島，但卻經常到日本旅遊，真是「口裡說不，身體卻很誠實」。
275	220	A: 溫馨提示：聽日八號\nB: UM9?\nA: 聽日掛八號風球
276	221	他的父親是高官來的，生活也是豪華，他們那麼離地，有關心到基層市民便奇怪了。
277	222	我們這次的旅程很chill。
278	223	今晚要唔要一齊去核心外圍聽演唱會？
279	224	點解得我一個搵唔到工？我覺得自己是零...
280	225	條友日日打波，一定係波撚。
281	225	每逢一到小息時間就有好多籃波撚衝落籃球場霸場。
282	226	寶寶心裡苦，但寶寶不說。
283	226	\n寶寶心裡苦，但寶寶不說，然後寶寶就死了。
284	227	聽朝記得投票，聽朝記得投票，聽朝記得投票，好重要所以要講三次。
285	228	我竟然聽哂成首SAS -_-"
286	229	尋晚套新劇好好笑 LDM
287	230	我地又唔係姓梁，邊有得特事特辦架？
288	231	他竟然出言悔辱我，我只好與他割蓆絕交。
289	232	2016年康文署要求劇團在場刊刪除「國立臺北藝術大學」中的「國立」兩字。因此網民將「李國章」中的國立刪除，變成「李早」，藉以諷刺事件。
290	233	佢絕對可以話係KOL界既清泉！
291	233	我公司有好多清泉。
292	234	班長竟然明張目膽咁作弊，簡直當老師無到。
293	235	係電競方面佢絕對係老司機，佢認第二無人咁認第一。
294	235	你真係老司機，小弟甘拜下風。
295	236	做咩咁睇唔開搭因龍航空呀？
296	237	做咩咁睇唔開搭因快航空呀？
297	238	都唔知政府係度jm9，而家全世界都高價買口罩，佢竟然係度出tender價低者得，咁買法梗係買唔到啦...
298	239	屯門良景村班管理員都唔知咩人黎既，唔單止成日趕小販，仲大膽到係慈母面前圍毆市民同記者。
299	240	小明：「我要賺錢，做下一個李嘉誠！」\n小志：「夜喇。」
300	241	隊bu池囉，下次唔敢囉。
301	242	點解政府部門而家搞出咁多關公災難架，究竟政府有冇公關處理對外事務架。
302	243	創科局局長楊偉雄於創科論壇中說到「有邊個見過Steve Jobs？未呀？我見過！我真係見過！」。其後大批網民以「我見過！我真係見過！」造句，藉以諷刺楊局長。
303	244	聽聞今晚既六點半左右新聞報道會有真．王宗堯啊！
511	422	大檸樂！唔記得接個仔放學！唔講喇，拜拜！
304	245	坤哥明明一d都唔毒，但就成日扮毒男溝女，唔怪得咁多人話佢係偽毒。
305	246	不如去唱K囉？突然好想唱返首亞視永恆。
306	247	Yeah！樹根連任失敗，有請小鳳姐！
307	248	小記：「你G唔G『洗版』係咩意思？」\n小英：「G！」
308	249	盤菜瑩子有一種好特別既氣質，簡直係我既仙氣女神！
309	250	2015年李克勤將一張行李喼的相片上載到Facebook，投訴航空公司把他的行李寄失了。相片中李克勤的行李喼上貼滿航空公司用來記錄行李的barcode，網民紛紛留言指責他，指他的行李喼上貼滿barcode，容易令機場行李系統掃描出錯，亦對機場職員構成麻煩。李克勤因為這次事件而被稱為「Barcode勤‬」。
310	251	我今年既生日願望係要盡快脫離剩女行列。\n
311	251	\n阿女你幾時先肯結婚呀？成四十歲人仲單身，你唔係想成世做剩女丫嘛？
312	252	小明：「約左坤哥陣間去食好西，不過未諗到食咩好，有無好提議？」\n小強：「不如去食坤哥至愛既burn sell啦！」
313	253	老老竇竇你究竟收埋幾多錢！
314	254	唐青儀於2014年出席一個公開活動時以一身鮮紅造型示人，看似一隻龍蝦。
315	255	小明睇內容農場唔緊要，但佢次次睇完之後都要share埋出黎，真係好想unfollow佢...
316	256	我想俾仔仔去補習班，不過我c6話唔洗，佢話仔仔似爸爸一樣咁聰明唔洗補習喎，俾佢激死！
317	257	唔得掂話佢一個月睇三十本書。原來佢份工咁得閒，可以有咁多時間睇書...
318	258	呢個女仔既Facebook Album裡面果d全部都係照騙，相裡面個樣同真人完全唔同架。
319	259	CNMD，明明球技咁差但又咁執着，係都要阻住我哋出線打世界盃！
320	260	終於等到星期五喇，陣間放左學一唔一齊去濕平？\n
321	260	\n唔好意思呀，我聽日要陪太太去銅鑼灣濕平，同唔到你地去行山喇。
322	261	已擔任區議員21年的鐘樹根議員於2015年11月22日的區議會選舉中落敗，翌日大批市民到其辦公室慶祝其落選，有網民賜與他新的稱號「輸根」。
323	262	小明：「我決定以後都要著泳衣返學！」\n小強：「請不要放棄治療...」
324	263	你水平咁低，唔好以爲我估唔到你係菲律賓博士黎。
325	264	2015年8月10日，立法會議員葉劉淑儀的Facebook專頁登出一張葉劉的大腸內窺鏡檢查照片，照片上印有葉劉的身份證號碼，事件引起公眾關注，市民認為葉劉淑儀身為前保安局局長不應該如此疏忽。\n\n其後，葉劉淑儀Facebook Page管理員Eric Chan登出一篇道歉啟事，承擔所有責任。網民認為葉劉在這件事件亦有一定責任，不應該將所有責任推卸在Eric Chan身上，大家都對Eric Chan表示同情。
326	265	鐘樹根博士語文水平一向不高，多次在議會中讀錯成語，例如把「雞毛蒜皮」說成「雞毛鴨蒜」，把「子虛烏有」說成「子烏虛有」，把「明目張膽」說成「明張目膽」。最令人驚訝的是鐘博士竟然連自己的名字都寫錯，他在區議會選舉的宣傳單張把自己的名字「Chris」錯寫成「Chirs」。
327	266	哇，梁振英個女當住咁多記者面前摑左阿媽兩巴。有時真係忍唔住笑！
328	267	今集Running Man有我女神呀 (心心眼)\n
329	267	今集Running Man有我女神呀 (心心眼)2. 這間時裝店的服裝全部都很時尚，絕對可以令每一位女生心心眼。
330	268	嘩！佢一個打到十個666666！
331	269	2015年香港多個屋苑的食水被驗出含鉛量超標，引起各界關注，事件被稱為「鉛水風波」。
332	270	讀左兩年中一、兩年中二、三年中三、三年中四、兩年中五，我終於中學畢業了，好滾動 T_T
333	270	女神約我出街呀，巧滾動！！
334	271	你睇下！前面個暴力市民打市民呀！
335	272	小美:「小明你又欠交功課！」\n小明:「唔好意思呀老師，司法覆核搞到我遲左開始做功課...」
336	273	係呢度返工真係好爽皮，日日訓覺、打機、睇戲都無人理。
337	274	好心你唔好成日宅係屋企睇愛情動作片啦。
338	275	咁簡單既野都唔識做，you are so use7less!
339	276	小明:「點解最近d官個個都咁大膽成日與民為敵？」\n小強:「官到無求膽自大丫嘛...」
340	277	有無jm去過北韓旅行？值唔值得去？會唔會有機會見到金將軍？
341	278	小明:「睇下果邊，有兩隻企鵝仔一齊跳水，場面好感人。」\n小美:「下，有咩咁感人?」\n小明:「You jump I jump，一往情深。」\n小美:「......你方東昇上身呀? -_-」
342	279	Any肥無論點都好，我都會一直係你身邊支持你。
343	280	如果各位有任何有關旺財既消息請盡快通知我地，射射。
344	281	mola mola 男神福山雅治要結婚喇 ><
345	282	1. 出糧唔夠三日就無哂錢 so9sad\n2. so7sad 阿仙奴又輸左，佢地已經好耐無贏過了...
346	283	中國國家主席習近平近日會見Facebook創辦人Mark Zuckerberg。由於Facebook一直被中國封鎖，在內地進入Facebook會出現404 not found頁面。因此有內地網民以「國家主席習近平在美國會見了404 not found網站負責人」形容此次會面。
347	284	小明:「好羨慕小華，咁後生就可以成家立室，幾時先輪到我結婚呀 T_T」\n小強:「首先...」
348	285	小明:「嘩！你咩事搞到個頭變左東方昇呀？」\n小強:「唉，前幾日炒車撞親個頭...」
349	286	小明:「套戲真係好L悶囉，浪費哂我D時間！」\n小強:「Exact7ly！早知係屋企訓多陣好過啦！」
350	287	TGIF！忙碌左一星期，聽日終於可以休息下了了。
351	288	不要以為只有男生才能推倒女生, 其實有些女生一樣想推倒男生。
352	289	小明:「有無新丁圖呀?」\n小強:「妖, 咪成日掛住打丁啦!」
353	290	隔離班果個觀音娘娘係17收緊兵呀@@
354	291	1. 唉，腦細幾時先走呀？腦細未走我無得放工...\n2. 好開心！頭先去100毛個年宵攤位拎到腦細既親筆簽名呀 :D
355	292	國際品牌Puma於2015年1月25日在其Facebook專頁上載一幅印有「D7689」號碼布的照片, 有藍絲帶陣營人士認為該照片是在侮辱有689之稱的特首梁振英先生, 遂向Puma投訴。
356	293	小明:「What do you want to eat?」\n外國朋友:「is but la」\n小明:「Oh. You speak Konglish!」
357	294	小明:「陣間食咩好?」\n小美:「is L but」\n小明:「What 7 u say?」\n小美:「是L但呀」
358	295	小明:「陣間去邊食飯好?」\n小美:「is but la」\n\n小明:「你想食中餐定西餐?」\n小美:「is but is ok」\n\n小明:「下星期放假想去邊呀?」\n小美:「is L but」
359	296	老老77，有邊個仲未開始溫書？
360	297	老師:「小明你又欠交功課, 你今次仲有咩解釋?」\n小明:「老師, 唔關我事架, 係土地問題...」
361	298	特首地位超然於三權之上。
362	299	聽講隔離department最新黎左個新同事, 係小鮮肉黎架!
363	299	我已經到了大叔的年紀, 不再是小鮮肉了...
364	300	想要成功脫毒, 第一步首先要重新建立自信, 遠離自卑。
365	301	身為忠誠既貓奴, 我每星期都會買新玩具俾主人。
366	302	自從開放左自由行, 商場裡面成日出現sss...\n
367	302	頭先仲以為呢隻係蝸牛，篤落去先知原來係sss...
368	303	救命呀, 旺角又有大媽團喇...
369	304	嘩, 段片好得人驚呀, Upload左上Youtube未夠一日已經有8千幾個負皮喇...
370	305	隻蛋好梳乎呀！
371	305	\n要唔要一齊去日本梳乎下？
372	306	隻狗仔好萌呀！
373	306	\n熊本熊無時無刻都咁萌。
374	306	\n隔離班個女班長成日都扮萌，好難頂呀。
375	307	原來麥記的魚柳bell只得半塊芝士, 感覺受騙了..
376	308	呢個course好蝦薯架, 唔好take呀。
377	309	民仔:「阿Sir, 我想問點解單case咁耐都未調查完既?」\n阿Sir:「Sor9ry呀, 我地仲有好多野要做架, 你估我地好得閒呀!」
378	310	「大家睇下呢張相, 好多靚女!」\n「正呀!」\n「女神呀!」\n「巧令令呀!」\n「班女仔後面個肥仔好似肥仔金呀!」\n「...你突破盲腸了」
379	311	這位蒙臉歌手的歌聲有點送禮勤的味道, 看起來也有點像送禮勤, 不過比送禮勤年輕。
380	312	救命呀, 我唔想再睇膠劇喇, 一男子幾時肯發牌俾港視呀?
381	313	今天工作累了, 要食好西。
382	313	\n華哥今晚諗住帶我地去邊度食好西呀？
383	314	頭先套戲好好笑呀wwwww
384	315	喂, 有無睇新聞呀？最近有對情侶係北京uniqlo試身室啪啪啪, 仲拍埋片添!
385	315	\n你個樣咁攰既，今朝同女友啪啪啪完呀？
386	315	\n唉，屋企成日都有人，有時想啪啪啪下都唔得。
387	315	隔離房對情侶晚晚都啪啪啪到勁大聲，驚死人唔知咁...
388	316	小獨:「我是一個沒有人要的小毒毒, 註定無伴終老, 孤獨一生。」\n小愛:「唔好咁灰心啦, 你既模型同漫畫會一直陪住你架嘛～」
389	317	有無人有龍珠超熟肉? 好想睇呀。
390	318	小明:「進擊的巨人劇場版生肉出左喇！」\n小強:「得生肉，點睇呀？你估個個好似你咁識日文咩><」
391	319	等左14年, 娃娃舜終於復出喇!
392	320	今次失敗左咪下次再黎過囉, 千祈唔好放棄啊, 有無聽過「娃舜天下」既故事? 只要一日唔放棄, 就一日都有機會!
393	321	愛字頭組織最近好活躍。
394	322	小愛又靚又溫柔又有學識, 簡直係我女神!
395	323	小文:「真係唔明點解呢幅畫會值千幾萬」\n小強:「藝術既野我地識條毛咩」
396	324	小文:「真係唔明點解呢幅畫會值千幾萬」\n小強:「藝術既野我地識條春咩」
397	325	小文:「真係唔明點解呢幅畫會值千幾萬」\n小強:「藝術既野我地識條鐵咩」
398	326	小強:「小明, 你唔好對小美咁好啦, 人地當你係觀音兵咋, 回頭是岸啊。」\n小明:「愛情既野你唔明架喇。我相信只要繼續對小美無條件付出, 終有一日可以感動佢!」
399	327	班廢中唔識獨立思考, 俾人呃左都唔知。
400	328	記者:「你好, 我係西方日報記者陳五毛。」\n呀董:「貴姓呀陳生」
401	329	我讀左女校5年, 完全無機會接觸男性, 我開始有d懷疑自己係sheshe。
402	330	呀陳：「我好玩得架」\n呀希：「Yea u seem like fun」
403	331	聽講「壁咚」係最容易成功既表白方式, 不如你試下啦。
404	332	你有無睇新聞呀？尋日有對情侶係Uniqlo更衣室gathering...
405	333	雨傘運動其間, 香港分為兩個陣營。一方是追求民主的黃絲帶, 另一方是反對佔中的藍絲帶。
406	334	雨傘運動其間, 香港分為兩個陣營。一方是追求民主的黃絲帶, 另一方是反對佔中的藍絲帶。
407	335	睇咩睇到咁開心呀？些牙俾大家一齊睇啦！
408	336	呀叔：「班佔中廢青為左扮英雄, 阻住哂人地做生意, 搞到車到無得搭, 快d拉鬼哂佢地啦！」\n小鋒：「你有無到現場睇過?」\n呀叔：「我日日睇TVB」
409	337	毛孩尋日打電話俾田北俊做電話訪問，好神通廣大呀@@
410	338	雖然呢位蒙面歌手蒙住塊面，但一聽到佢完美無瑕既歌聲，我就知道佢係CD勤了。
411	339	你要走喇？典解既？
412	340	睇下果邊隻狗仔，好打耳啊，好想帶佢返屋企！
413	341	對毒撚來說, 情人節是一個殘酷的日子。
414	342	你大獲喇, 方丈份人好小器架。
415	343	個市聽日肯肯定會升, 除非唔升。
416	344	下星期連續放五日假, 爽YY~
417	345	繼「子烏虛有」後, Tree Gun又教大家新成語「雞毛鴨蒜」。
418	346	繼「子烏虛有」後, Tree根又教大家新成語「雞毛鴨蒜」。
419	347	Puzzle & Dragons岩岩出左批新寵，又要課金了...
420	348	某教師製作的試卷原來只是複製和貼上，真令人對他括目相看。
421	349	這雞毛鴨蒜的事無須要再評論了。\n
422	349	\n點解你地班記者成日都要提起七警打人呢d雞毛鴨蒜既案件？你估我地警方好得閒呀？我地仲有好多好重要既案件要處理架，例如亂拋垃圾、衝紅燈、違例泊車！
423	350	陳豪：「哇，大佬紅都面哂喇」
424	351	我忍左條19仔好耐了, 成日以為自己好醒, 其實豬頭炳。
425	352	小英:「咦! 港鐡又故障喎!」\n小華:「Delay No More!」
426	353	小根：「你又唔知醒呀？遲到成半粒鐘！」\n小鋒：「唔係呀，我想等埋發叔先出門口，所以遲左...」
427	354	講左咁多，唔知大家聽唔聽得明，Sorry for 1999。
428	355	對毒拎黎講，聖誕節係一個殘酷既日子，街上面個個都一雙一對...
429	356	你睇下小民同小愛幾恩愛，羨慕死班毒L。
430	357	你地呢班廢燉，有書唔讀，日日係度搞搞震！
431	358	「碧咸41歲仲咁型仔。」\n「公平咩」
432	359	我GG了... 對手太屈機，根本無得打。
433	360	偷我野? UASC!
434	361	成日衝紅燈，俾慈母拉左唔好喊呀！
435	362	你真係sb
436	363	你個480!
437	364	你5g就5g啦，仲扮晒野！
438	365	講經咩，咁L多野講！
439	366	原來佢係hehe。
440	366	哇，你兩個唔著衫係張床度搞咩呀？唔通你地係hehe？
441	367	吓，你撲唔到飛？ggebsong
442	368	FF無極限
443	369	收數佬殺到, 呢鋪奶撻喇!
444	370	恤衫$80蚊件，兩件8折即$72蚊，有SO喎！
445	371	喜歡這段影片的朋友請給我一個讚好 #l4l
446	372	喜歡這段影片的朋友請follow我 #f4f
447	373	今天穿日系文青鞋 #shoefie
448	373	買完新鞋第一件要做嘅事當然係shoefie :p
449	374	今日走文青路線 #ootd
450	375	影呢張相既時候我地仲係十幾歲 #tbt
451	376	今晚既菜式係God use VPN。
452	377	唉，我呢d沒女注定要孤獨終老架喇。
453	378	琴日爆rp,抽到ip6
454	379	「陣間想食咩？」\n「msw啦」
455	380	喂，今晚一唔一齊去鳩嗚？
456	381	恭喜妳終於升呢成為人妻，要幸福啊！\n
457	381	\n新黎果位同事個樣好後生，估唔到佢已經係人妻 @@\n
458	381	你就好啦，我都好想快d做人妻啊！
459	382	這段短片超好笑的~ 科科~
460	383	\n大家不要KS啦！（大家不要搶人頭啦！）
461	383	KS我真係好眼訓。（其實我真係好眼訓）
462	384	小明最近成日都偷望我，佢是咪鐘意左我呀？
463	385	求各位ching幫忙
464	386	「你今日J左未呀？」「jed」
465	387	嘩, 成架地鐵都係低頭族...
466	388	當我知道阿英當選特首時，我不禁倒抽一口梁氣…
467	388	\n望住d水貨客將巴士當做貨車，我真係不禁倒抽一口梁氣，希望政府可以快d解決水貨客問題啦，再咁落去我地以後連車都無得搭...
468	389	你都cmg既，同你講都晒氣。
469	389	\n你cmg架？呢度唔可以餵雀架！
470	390	九菜！點可以咁嫁！
471	391	果班人既留言好kuso, 笑死我了XD
472	392	You are 賣飛佛
473	393	唉, 又輸左, 好灰機呀!
474	394	88 聽日見～
475	395	小明:「套戲真係好唔掂，悶到爆！」\n小強:「不能同意更多。」
476	396	佢地新婚，好合皮巢喎！
477	397	嗰兩個人鬧交，我哋企埋一邊剝花生。
478	398	我914
479	399	小民真係可愛到無朋友呀！
480	399	\n小強頭先竟然唔記得拉褲鏈，真係柒到無朋友！
481	400	TMD，佢地真係好煩！
482	400	\n這個牛肉麵真是TMD好吃。
483	401	唔好咁多事啦，我地又唔係洋蔥圈，呢d事唔輪到我地理架喇！
484	402	反對小圈子選舉！689下台！
485	403	男友：「天氣凍記得著多件衫呀」\n女友：「5555」
486	404	我係地鐵食野關你乜事呀? 你又唔係警察又唔係梁振英! 你厚多士呀! 你厚多士呀! 你厚多士呀! 你厚多士呀! 你厚多士呀!
487	404	小美真係厚多士，好似咩都關佢事咁，人地帶漫畫返學之嘛，又無影響到佢，咁都要告發人地。
488	405	善信：「大師大師，我已經做左好多善事，點解我到而家仲未有女朋友？」\n大帥：「你的樣子如何，你的命運也必如何。」
489	406	佢成日做埋d好kai既野
490	407	乜你咁變態架，成日望住人地對車頭燈。
491	408	我siu bao 勾地 莫望主婦
492	409	想買嘅裙俾人買哂！（ggapsong）
493	410	原相直出無加filter #nofilter
494	410	山頂影日出，無P圖無加filter！ #nofilter
495	411	佢係我哋之中嘅天文台。
496	412	有無fd子想打牌？我地差一隻腳～
497	412	過黎報名啦，參加我地工程系既ocamp，保證你識到新fd子！
498	413	唉，真係光陰似箭，眨下眼大家已經由變哂中女。
499	414	睇L住呀，差d俾部車撞死你呀。
500	415	下次行山都係唔好叫小明喇，佢行得咁向左走向右走慢。
501	415	今日真係好向左走向右走凍。
502	416	今日MCM要分享既係木村拓哉
503	417	今日要分享嘅係Emma Watson #WCW
504	418	689好不該，成日挑釁市民、分化社會。
505	419	你有咩就wts我啦!
506	419	\n日本口罩50個$120，有意者請wts落單。
507	419	我每晚做既野就係等女神覆我wts..
508	420	小明:「最近成日聽到人講佔中佔中，到底佔中係咩黎架？」\n小美:「講起黎一匹布咁長，陣間send個佔中懶人包俾你慢慢睇啦。」\n\n小明:「大獲喇，我後日就出發去首爾旅行，但而家仲未開始plan行程，連首爾有咩景點都未知！」\n小美:「睇首爾懶人包啦...」
509	421	有無bk既媽媽有俾小朋友學游水？
510	422	呢鋪大檸樂喇，校長發現左我地上堂打邊爐呀！
512	423	A君:「我今日黎唔到啊，sorry!」\nB君:「nvm，搵日再約過!」
513	424	\n囧 小明有無咁屈機啊，又100分...
514	424	唉，考試又肥佬，今次實俾阿爸鬧死 囧\n
515	425	哇！佢大學都未畢業，就已經A380。
516	426	據聞有位台灣女生向心儀的男生示愛，男生回覆一句「Why Double May」，女生百思不得其解，後來才知道自己被拒絕了，「Why Double May」其實是國語「我愛大波妹」的諧音，男生拒絕女生之餘更暗指女生身材平平無其。
517	427	有無睇小明IG? 佢成日post靚女相 A_A
518	428	阿媽:「咁夜仲上FB?」
519	429	我係食蕉
520	430	唉，無野同你講，89078。
521	431	佢幫我咁大忙，真喺金沙哈咪打佢囉！
522	432	頭先套戲勁好笑, 星爺跳舞果段真係laugh die me!
523	433	唔該你唔好成日做埋d 87啦！
524	433	\n佢係咪87架？以為帶住黑超就無人認得佢...
525	434	婷婷真係好令女!
526	435	已經好夜喇，你5d訓覺啦！
527	436	濕鳩上司成日識少少扮代表，以為自己好叻。
528	437	看不出這位mm已經是人妻了！
529	438	唉，成24歲人仲係A0。
530	439	尋晚論壇有人post左幾張新j圖，聽講係女明星黎架！
531	440	聽日去燒野食定踩單車好？Why not both?
532	440	買樓好定買車好？Why not both?
533	441	dls又唔記得帶銀包！
534	442	唔知點解我同中學朋友可以好friend但上到大學就淨係得hi-bye friend。
535	443	唔知點解我同中學朋友可以好firm但上到大學就淨係得hi-bye friend。
536	443	唔鐘意啲人成日扮firm。
537	443	我好慶幸大學上莊時識到一班firm firm莊員。
538	444	Tree gun又係立法會派膠喇，連串流都唔識解。好心佢啦，出少句聲無人話佢啞架。
539	445	小明:「有個颱風黎緊呀, 後日可能有假放喎!」\n小強:「唉, 佢過到李氏力場先算啦!」
540	446	果邊有班龍友圍住個model影相
541	447	你呢個樣好chok喎！
542	448	個的士司機竟然連IFC都唔識去，真係想燒你數簿。
543	449	你唔好咁機車得唔得呀！
544	450	你唔好咁硬膠得唔得呀！
545	450	你都硬膠膠既，串流同下載根本係兩樣完全唔同既野，講極你都唔明！
546	451	你知唔知我琴晚見到都敏俊丫！佢仲錫左我一啖丫！\n請你繼續吹~
547	452	自從同女手分左手之後, 我的生活日日都好dry
548	453	中出隨時會搞出人命，唔好為左一剎那既快感累到自己後悔一生呀！
549	454	Lazy 姐去左脾液了，今晚唔得閒上bk。
550	455	調查員:「先生你好, 請問你頭先投票投左俾邊個政黨?」\n小明:「禮義廉」
551	456	後樓梯食煙俾校長捉到，呢鑊你仲唔898？
552	457	睇完呢張咁有創意既相，真心笑鳥。
553	458	睇完呢張咁有創意既相，真心Laugh Bird。
554	459	你張相係咪PS過架？瘦左咁多！
555	459	周末見！ps 記得要帶邀請卡
556	460	好心你唔好咁小學雞啦, 咁大個人仲好似小朋友咁。
557	461	拍謝, 剛才在忙, 沒空接電話。
558	462	今年d靚模個個都故意飛釘，破壞哂書展既健康形象…
559	462	\n好心你唔好著件咁緊身既衫黎打波啦，一出汗就飛釘！
560	463	小民:「祝你有個愉快的週末」\n小愛:「u2 ^^」
561	464	無奶油架喎，今日明明係星期日，屯門公路應該唔會塞車架喎。
562	465	有無邊位巴打可以幫幫手呀?
563	466	自從政府開始禁煙後, 一到lunch time就好多人起路邊「打邊爐」
564	467	1. 唔好成日搞爛gag啦！\n2. 方東昇真係實至名歸既爛gag王，由節目第一集開始搞爛gag一直搞到最後一集。
565	468	唔好日日起屋企Hea啦
566	469	我日日都唔想溫書，好頹呀
567	470	聽聞新同事有集郵既習慣，大家小心啲。
568	471	「今日拜年要去大西北啊。」\n「你住大西北喎，你出嚟啦，唔係要所有人就你入嚟呀嘛。」
569	472	老婆HBD, 今年有咩生日願望啊?
570	473	雞扒妹既事業能夠咁成功，係因為佢既事業線夠深。
571	473	\n對面檯既女同事成日露事業線，又成日烏低身擺埋d誘人pose，叫我點集中精神做野呀。
572	474	路人:「喂，你知唔知你頭先踩到我呀？」\n小明:「sor lo」
573	475	最近愈來愈多雙非兒童，就快迫爆香港 :'(
574	476	你再唔減下肥遲早變豬扒！
575	477	行政長官曾蔭權於2010年以「起錨」標語宣傳政制方案，但不獲市民支持。部份市民將其宣傳標語「起錨」改寫成「超錯」，暗示曾蔭權所宣傳的政制方案是錯誤的政策。
576	478	雖然今場比賽表現好差，但阿強明明無份出場都比人嬲，真係躺著也中槍，好慘..
577	479	我真係hi auntie佢！
578	480	齊昕:「呢位網民既笑話太有趣了 lmao」
579	481	小明花了三十年環遊世界, 走遍各個大小城市, 絕對稱得上是旅遊達人。
580	482	「你有無睇過呢篇新聞？個主角都慘呀T_T」\n「下，呢篇潮文黎架喎...」
581	483	乘客有特殊需要，的士司機說「幫緊你幫緊你」。
582	484	頭先班後生仔講既潮語聽到我一頭霧水，想唔認老都唔得...
583	485	傻強佢日日喱埋係屋企，成個毒男咁
584	486	小玲係典型港女, 每次出街都當男朋友係提款機...
585	487	小美:「禾巧京京」\n小明:「唔該你唔好再打火星文，睇得我好辛苦呀。」\n小美:「5 ho 2 c lo」\n小明:「......」
586	488	你搵傻強呀？佢潛水好耐喇喎。
587	488	\n仲有兩星期就考試了，黎緊我會潛水一段時間，無咩事唔好搵我，有事更加唔好搵我。
588	489	最近愈黎愈多潮童...
589	490	成日扮哂野咁，收皮啦！
590	491	傻強又話今日一定黎到，點知又放飛機！
591	492	聽講今年書展會有好多o靚模搞簽名會喎！
592	493	聽日的比賽我會全力十卜你！
593	494	無計，對方咁屈機，無得打！
594	495	傻強話佢炒一轉iPhone賺左兩萬蚊，聽到我O嘴！
595	496	你個仔出左世喇？恭喜你「升呢」做爸爸！
596	496	為左影多d靚相，我決定要幫部相機升呢！
597	497	花邊教主 Gossip Girl在每一集的最後都會出現XOXO就是親親抱抱的意思。
598	497	I miss you. XOXO
599	498	你咁龜點樣做大事呀！
600	498	未見過人好似你咁龜毛，乜都驚..
601	499	你好，你可以叫我暉cfu！
602	499	唉，搵cfu真係要小心啲。我搵呢個cfu之前明明報左呢個價，點知呢樣又話要加錢，果樣又話要加錢...
603	500	你唔好半夜三更係度放毒啦，好肚餓呀！
604	500	知你有得旅行喇，成日係度放毒...
605	501	你信唔信有平行時空？唔知另一個世界既自己係度做緊乜呢？
606	502	佢好cam呀，成日講野好似個女仔咁陰聲細氣..
607	502	小心佢cam cam地架！
608	503	唔係下嘛，燈神講野你都信？
609	503	燈神話呢隻股票會大升，千祈唔好買呀！
610	504	而家d學生咁鐘意裝逼。
611	505	Sorry 我今晚黎唔到呀，我約左6299食飯。
612	506	呢套戲真係好mm7！\n
613	506	\n最mm7係個女主角，好型！
\.


--
-- Data for Name: idiom_situations; Type: TABLE DATA; Schema: public; Owner: pj1
--

COPY public.idiom_situations (id, idiom_id, situation_types_id) FROM stdin;
1	1	1
2	2	2
3	3	2
4	4	2
5	5	2
6	6	3
7	7	2
8	8	4
9	9	5
10	10	5
11	11	6
12	12	4
13	13	7
14	14	1
15	15	2
16	16	2
17	17	5
18	18	2
19	19	5
20	20	2
21	21	2
22	22	1
23	23	2
24	24	3
25	25	3
26	26	6
27	27	1
28	28	6
29	29	2
30	30	1
31	31	8
32	32	7
33	33	2
34	34	7
35	35	2
36	36	4
37	37	2
38	38	2
39	39	2
40	40	2
41	41	2
42	42	8
43	43	4
44	44	9
45	45	4
46	46	4
47	47	9
48	48	4
49	49	4
50	50	10
51	51	4
52	52	4
53	53	7
54	54	2
55	55	2
56	56	4
57	57	4
58	58	2
59	59	4
60	60	2
61	61	4
62	62	4
63	63	4
64	64	4
65	65	4
66	66	2
67	67	4
68	68	2
69	69	4
70	70	4
71	71	10
72	72	2
73	73	4
74	74	2
75	75	4
76	76	4
77	77	4
78	78	11
79	79	9
80	80	3
81	81	2
82	82	6
83	83	4
84	84	3
85	85	4
86	86	3
87	87	5
88	88	4
89	89	2
90	90	2
91	91	10
92	92	2
93	93	2
94	94	2
95	95	2
96	96	7
97	97	2
98	98	2
99	99	2
100	100	2
101	101	2
102	102	4
103	103	2
104	104	2
105	105	6
106	106	2
107	107	9
108	108	2
109	109	7
110	110	3
111	111	2
112	112	7
113	113	3
114	114	2
115	115	2
116	116	4
117	117	7
118	118	7
119	119	2
120	120	2
121	121	10
122	122	7
123	123	9
124	124	2
125	125	2
126	126	8
127	127	2
128	128	2
129	129	2
130	130	2
131	131	7
132	132	2
133	133	2
134	134	2
135	135	2
136	136	7
137	137	2
138	138	2
139	139	2
140	140	2
141	141	2
142	142	12
143	143	2
144	144	8
145	145	2
146	146	10
147	147	6
148	148	2
149	149	2
150	150	10
151	151	2
152	152	11
153	153	2
154	154	3
155	155	11
156	156	2
157	157	2
158	158	2
159	159	7
160	160	7
161	161	3
162	162	7
163	163	2
164	164	7
165	165	8
166	166	11
167	167	3
168	168	2
169	169	2
170	170	6
171	171	6
172	172	2
173	173	2
174	174	2
175	175	7
176	176	3
177	177	10
178	178	7
179	179	2
180	180	8
181	181	7
182	182	7
183	183	7
184	184	2
185	185	2
186	186	3
187	187	7
188	188	7
189	189	13
190	190	13
191	191	7
192	192	2
193	193	7
194	194	8
195	195	7
196	196	7
197	197	7
198	198	4
199	199	2
200	200	7
201	201	7
202	202	4
203	203	2
204	204	2
205	205	7
206	206	4
207	207	12
208	208	4
209	209	2
210	210	7
211	211	7
212	212	2
213	213	4
214	214	7
215	215	2
216	216	14
217	217	14
218	218	4
219	219	2
220	220	2
221	221	2
222	222	2
223	223	7
224	224	2
225	225	14
226	226	2
227	227	2
228	228	12
229	229	2
230	230	4
231	231	7
232	232	7
233	233	3
234	234	7
235	235	2
236	236	9
237	237	9
238	238	2
239	239	6
240	240	2
241	241	2
242	242	6
243	243	7
244	244	7
245	245	2
246	246	9
247	247	12
248	248	2
249	249	2
250	250	8
251	251	3
252	252	2
253	253	2
254	254	7
255	255	9
256	256	2
257	257	7
258	258	2
259	259	2
260	260	2
261	261	7
262	262	2
263	263	4
264	264	10
265	265	7
266	266	7
267	267	2
268	268	2
269	269	4
270	270	2
271	271	6
272	272	4
273	273	2
274	274	2
275	275	2
276	276	7
277	277	2
278	278	7
279	279	2
280	280	2
281	281	2
282	282	2
283	283	5
284	284	2
285	285	7
286	286	2
287	287	2
288	288	3
289	289	2
290	290	3
291	291	6
292	292	4
293	293	2
294	294	2
295	295	2
296	296	2
297	297	4
298	298	4
299	299	2
300	300	2
301	301	2
302	302	2
303	303	2
304	304	2
305	305	2
306	306	2
307	307	2
308	308	6
309	309	2
310	310	2
311	311	8
312	312	7
313	313	2
314	314	2
315	315	3
316	316	2
317	317	2
318	318	2
319	319	7
320	320	12
321	321	4
322	322	2
323	323	2
324	324	2
325	325	2
326	326	3
327	327	10
328	328	7
329	329	3
330	330	8
331	331	3
332	332	2
333	333	4
334	334	4
335	335	2
336	336	10
337	337	9
338	338	8
339	339	2
340	340	2
341	341	2
342	342	2
343	343	7
344	344	2
345	345	7
346	346	7
347	347	11
348	348	2
349	349	7
350	350	8
351	351	2
352	352	2
353	353	4
354	354	2
355	355	2
356	356	2
357	357	7
358	358	2
359	359	2
360	360	2
361	361	4
362	362	2
363	363	2
364	364	2
365	365	2
366	366	3
367	367	2
368	368	11
369	369	2
370	370	2
371	371	2
372	372	2
373	373	2
374	374	2
375	375	2
376	376	2
377	377	2
378	378	2
379	379	2
380	380	2
381	381	3
382	382	2
383	383	11
384	384	2
385	385	2
386	386	2
387	387	2
388	388	7
389	389	2
390	390	2
391	391	2
392	392	2
393	393	2
394	394	2
395	395	2
396	396	2
397	397	2
398	398	2
399	399	2
400	400	2
401	401	7
402	402	7
403	403	2
404	404	2
405	405	2
406	406	2
407	407	2
408	408	2
409	409	2
410	410	2
411	411	2
412	412	2
413	413	2
414	414	2
415	415	2
416	416	5
417	417	5
418	418	2
419	419	2
420	420	2
421	421	2
422	422	2
423	423	2
424	424	2
425	425	3
426	426	2
427	427	2
428	428	2
429	429	6
430	430	2
431	431	2
432	432	2
433	433	2
434	434	2
435	435	2
436	436	2
437	437	2
438	438	2
439	439	2
440	440	2
441	441	2
442	442	2
443	443	2
444	444	2
445	445	7
446	446	10
447	447	2
448	448	2
449	449	2
450	450	2
451	451	2
452	452	2
453	453	3
454	454	3
455	455	4
456	456	2
457	457	2
458	458	2
459	459	2
460	460	2
461	461	2
462	462	2
463	463	2
464	464	2
465	465	2
466	466	2
467	467	2
468	468	2
469	469	2
470	470	3
471	471	2
472	472	2
473	473	2
474	474	2
475	475	10
476	476	2
477	477	2
478	478	2
479	479	2
480	480	2
481	481	2
482	482	2
483	483	2
484	484	2
485	485	2
486	486	2
487	487	2
488	488	2
489	489	2
490	490	2
491	491	2
492	492	10
493	493	2
494	494	11
495	495	2
496	496	11
497	497	2
498	498	2
499	499	2
500	500	2
501	501	2
502	502	2
503	503	2
504	504	2
505	505	2
506	506	2
\.


--
-- Data for Name: idiom_types; Type: TABLE DATA; Schema: public; Owner: pj1
--

COPY public.idiom_types (id, type) FROM stdin;
1	潮語
2	歇後語
3	成語
\.


--
-- Data for Name: idioms; Type: TABLE DATA; Schema: public; Owner: pj1
--

COPY public.idioms (id, key, year_popular, idiom_type, count, created_at, updated_at) FROM stdin;
5	世一	2020	潮語	0	2021-04-08 13:48:51.80263	2021-04-08 13:48:51.80263
7	見字飲水	2020	潮語	0	2021-04-08 13:48:51.80263	2021-04-08 13:48:51.80263
8	風林火山	2020	潮語	0	2021-04-08 13:48:51.80263	2021-04-08 13:48:51.80263
12	斷頭台	2020	潮語	0	2021-04-08 13:48:51.80263	2021-04-08 13:48:51.80263
13	曼德拉效應	2020	潮語	0	2021-04-08 13:48:51.80263	2021-04-08 13:48:51.80263
14	底褲口罩	2020	潮語	0	2021-04-08 13:48:51.80263	2021-04-08 13:48:51.80263
17	奶茶聯盟	2020	潮語	0	2021-04-08 13:48:51.80263	2021-04-08 13:48:51.80263
20	車巴	2020	潮語	0	2021-04-08 13:48:51.80263	2021-04-08 13:48:51.80263
23	人地	2020	潮語	0	2021-04-08 13:48:51.80263	2021-04-08 13:48:51.80263
24	紀巴	2020	潮語	0	2021-04-08 13:48:51.80263	2021-04-08 13:48:51.80263
25	消巴	2020	潮語	0	2021-04-08 13:48:51.80263	2021-04-08 13:48:51.80263
27	邊爐家族	2020	潮語	0	2021-04-08 13:48:51.80263	2021-04-08 13:48:51.80263
28	行山銀行	2020	潮語	0	2021-04-08 13:48:51.80263	2021-04-08 13:48:51.80263
29	R.A.P.	2020	潮語	0	2021-04-08 13:48:51.80263	2021-04-08 13:48:51.80263
31	中玄毒	2020	潮語	0	2021-04-08 13:48:51.80263	2021-04-08 13:48:51.80263
32	考第一	2020	潮語	0	2021-04-08 13:48:51.80263	2021-04-08 13:48:51.80263
33	C9	2020	潮語	0	2021-04-08 13:48:51.80263	2021-04-08 13:48:51.80263
34	加持	2019	潮語	0	2021-04-08 13:48:51.80263	2021-04-08 13:48:51.80263
35	TB	2019	潮語	0	2021-04-08 13:48:51.80263	2021-04-08 13:48:51.80263
36	草管人命	2019	潮語	0	2021-04-08 13:48:51.80263	2021-04-08 13:48:51.80263
42	汪阿Tag	2019	潮語	0	2021-04-08 13:48:51.80263	2021-04-08 13:48:51.80263
43	裝修	2019	潮語	0	2021-04-08 13:48:51.80263	2021-04-08 13:48:51.80263
44	偽黃	2019	潮語	0	2021-04-08 13:48:51.80263	2021-04-08 13:48:51.80263
46	攬炒	2019	潮語	0	2021-04-08 13:48:51.80263	2021-04-08 13:48:51.80263
48	時代垃圾	2019	潮語	0	2021-04-08 13:48:51.80263	2021-04-08 13:48:51.80263
49	發炎鉛筆	2019	潮語	0	2021-04-08 13:48:51.80263	2021-04-08 13:48:51.80263
51	黨鐵	2019	潮語	0	2021-04-08 13:48:51.80263	2021-04-08 13:48:51.80263
52	煲底	2019	潮語	0	2021-04-08 13:48:51.80263	2021-04-08 13:48:51.80263
53	何已完	2019	潮語	0	2021-04-08 13:48:51.80263	2021-04-08 13:48:51.80263
56	暴大	2019	潮語	0	2021-04-08 13:48:51.80263	2021-04-08 13:48:51.80263
57	接放學	2019	潮語	0	2021-04-08 13:48:51.80263	2021-04-08 13:48:51.80263
58	落單	2019	潮語	0	2021-04-08 13:48:51.80263	2021-04-08 13:48:51.80263
59	EmptyR	2019	潮語	0	2021-04-08 13:48:51.80263	2021-04-08 13:48:51.80263
63	攝衫	2019	潮語	0	2021-04-08 13:48:51.80263	2021-04-08 13:48:51.80263
64	私了	2019	潮語	0	2021-04-08 13:48:51.80263	2021-04-08 13:48:51.80263
65	撕紙狗	2019	潮語	0	2021-04-08 13:48:51.80263	2021-04-08 13:48:51.80263
67	炒車	2019	潮語	0	2021-04-08 13:48:51.80263	2021-04-08 13:48:51.80263
68	錫春袋	2019	潮語	0	2021-04-08 13:48:51.80263	2021-04-08 13:48:51.80263
70	和理非	2019	潮語	0	2021-04-08 13:48:51.80263	2021-04-08 13:48:51.80263
71	銀髮族	2019	潮語	0	2021-04-08 13:48:51.80263	2021-04-08 13:48:51.80263
72	堅離地	2019	潮語	0	2021-04-08 13:48:51.80263	2021-04-08 13:48:51.80263
73	連儂牆	2019	潮語	0	2021-04-08 13:48:51.80263	2021-04-08 13:48:51.80263
74	樽鹽	2019	潮語	0	2021-04-08 13:48:51.80263	2021-04-08 13:48:51.80263
75	Be Water	2019	潮語	0	2021-04-08 13:48:51.80263	2021-04-08 13:48:51.80263
76	自由hi	2019	潮語	0	2021-04-08 13:48:51.80263	2021-04-08 13:48:51.80263
78	送頭	2019	潮語	0	2021-04-08 13:48:51.80263	2021-04-08 13:48:51.80263
79	因航	2019	潮語	0	2021-04-08 13:48:51.80263	2021-04-08 13:48:51.80263
80	bfable	2019	潮語	0	2021-04-08 13:48:51.80263	2021-04-08 13:48:51.80263
82	Catch Up	2019	潮語	0	2021-04-08 13:48:51.80263	2021-04-08 13:48:51.80263
83	賞花杏仁露	2019	潮語	0	2021-04-08 13:48:51.80263	2021-04-08 13:48:51.80263
84	最後的童話	2019	潮語	0	2021-04-08 13:48:51.80263	2021-04-08 13:48:51.80263
85	安心事件	2019	潮語	0	2021-04-08 13:48:51.80263	2021-04-08 13:48:51.80263
86	壞左既人	2019	潮語	0	2021-04-08 13:48:51.80263	2021-04-08 13:48:51.80263
89	中二病	2019	潮語	0	2021-04-08 13:48:51.80263	2021-04-08 13:48:51.80263
95	chur	2019	潮語	0	2021-04-08 13:48:51.80263	2021-04-08 13:48:51.80263
96	焗腸	2019	潮語	0	2021-04-08 13:48:51.80263	2021-04-08 13:48:51.80263
98	七日不見如隔一周	2019	潮語	0	2021-04-08 13:48:51.80263	2021-04-08 13:48:51.80263
100	廢水	2019	潮語	0	2021-04-08 13:48:51.80263	2021-04-08 13:48:51.80263
102	Nancy	2019	潮語	0	2021-04-08 13:48:51.80263	2021-04-08 13:48:51.80263
105	人頭豬	2018	潮語	0	2021-04-08 13:48:51.80263	2021-04-08 13:48:51.80263
87	小粉紅	2019	潮語	2	2021-04-08 13:48:51.80263	2021-04-08 13:48:51.80263
40	sls	2019	潮語	52	2021-04-08 13:48:51.80263	2021-04-08 13:48:51.80263
2	阿姨我不想努力了	2020	潮語	4	2021-04-08 13:48:51.80263	2021-04-08 13:48:51.80263
1	小你個區	2021	潮語	2	2021-04-08 13:48:51.80263	2021-04-08 13:48:51.80263
26	WFH activity	2020	潮語	1	2021-04-08 13:48:51.80263	2021-04-08 13:48:51.80263
61	TG	2019	潮語	10	2021-04-08 13:48:51.80263	2021-04-08 13:48:51.80263
3	哭𠹌佐	2020	潮語	3	2021-04-08 13:48:51.80263	2021-04-08 13:48:51.80263
60	condom	2019	潮語	1	2021-04-08 13:48:51.80263	2021-04-08 13:48:51.80263
41	jeng	2019	潮語	29	2021-04-08 13:48:51.80263	2021-04-08 13:48:51.80263
9	Black Lives Matter	2020	潮語	5	2021-04-08 13:48:51.80263	2021-04-08 13:48:51.80263
104	stone	2018	潮語	49	2021-04-08 13:48:51.80263	2021-04-08 13:48:51.80263
19	nnevvy	2020	潮語	2	2021-04-08 13:48:51.80263	2021-04-08 13:48:51.80263
4	siu4	2020	潮語	23	2021-04-08 13:48:51.80263	2021-04-08 13:48:51.80263
69	popo	2019	潮語	1	2021-04-08 13:48:51.80263	2021-04-08 13:48:51.80263
55	DLLM	2019	潮語	12	2021-04-08 13:48:51.80263	2021-04-08 13:48:51.80263
50	Fam j	2019	潮語	21	2021-04-08 13:48:51.80263	2021-04-08 13:48:51.80263
94	gur	2019	潮語	4	2021-04-08 13:48:51.80263	2021-04-08 13:48:51.80263
66	好人一生平安	2019	潮語	1	2021-04-08 13:48:51.80263	2021-04-08 13:48:51.80263
11	WFHF	2020	潮語	2	2021-04-08 13:48:51.80263	2021-04-08 13:48:51.80263
47	sfs	2019	潮語	74	2021-04-08 13:48:51.80263	2021-04-08 13:48:51.80263
6	simp	2020	潮語	27	2021-04-08 13:48:51.80263	2021-04-08 13:48:51.80263
103	tyft	2018	潮語	6	2021-04-08 13:48:51.80263	2021-04-08 13:48:51.80263
38	fact check	2019	潮語	32	2021-04-08 13:48:51.80263	2021-04-08 13:48:51.80263
62	Green Object	2019	潮語	5	2021-04-08 13:48:51.80263	2021-04-08 13:48:51.80263
21	Happy仔	2020	潮語	7	2021-04-08 13:48:51.80263	2021-04-08 13:48:51.80263
101	Sodiasm	2019	潮語	71	2021-04-08 13:48:51.80263	2021-04-08 13:48:51.80263
92	LM	2019	潮語	6	2021-04-08 13:48:51.80263	2021-04-08 13:48:51.80263
39	自high	2019	潮語	10	2021-04-08 13:48:51.80263	2021-04-08 13:48:51.80263
54	LMK	2019	潮語	13	2021-04-08 13:48:51.80263	2021-04-08 13:48:51.80263
93	oj	2019	潮語	6	2021-04-08 13:48:51.80263	2021-04-08 13:48:51.80263
22	炒罩	2020	潮語	1	2021-04-08 13:48:51.80263	2021-04-08 13:48:51.80263
88	obj	2019	潮語	2	2021-04-08 13:48:51.80263	2021-04-08 13:48:51.80263
81	meme	2019	潮語	1	2021-04-08 13:48:51.80263	2021-04-08 13:48:51.80263
37	fc	2019	潮語	21	2021-04-08 13:48:51.80263	2021-04-08 13:48:51.80263
99	6uo	2019	潮語	5	2021-04-08 13:48:51.80263	2021-04-08 13:48:51.80263
90	666	2019	潮語	6	2021-04-08 13:48:51.80263	2021-04-08 13:48:51.80263
77	記你老母	2019	潮語	1	2021-04-08 13:48:51.80263	2021-04-08 13:48:51.80263
16	吊高你媽過海	2020	潮語	7	2021-04-08 13:48:51.80263	2021-04-08 13:48:51.80263
15	Staycation	2020	潮語	29	2021-04-08 13:48:51.80263	2021-04-08 13:48:51.80263
30	2盒thx	2020	潮語	2	2021-04-08 13:48:51.80263	2021-04-08 13:48:51.80263
45	人血饅頭	2019	潮語	1	2021-04-08 13:48:51.80263	2021-04-08 13:48:51.80263
18	NMSL	2020	潮語	2	2021-04-08 13:48:51.80263	2021-04-08 13:48:51.80263
106	法唔法國	2018	潮語	0	2021-04-08 13:48:51.80263	2021-04-08 13:48:51.80263
107	光棍節	2018	潮語	0	2021-04-08 13:48:51.80263	2021-04-08 13:48:51.80263
111	CLS	2018	潮語	0	2021-04-08 13:48:51.80263	2021-04-08 13:48:51.80263
112	最佳估算	2018	潮語	0	2021-04-08 13:48:51.80263	2021-04-08 13:48:51.80263
114	打毒針	2018	潮語	0	2021-04-08 13:48:51.80263	2021-04-08 13:48:51.80263
115	望君嘗糞	2018	潮語	0	2021-04-08 13:48:51.80263	2021-04-08 13:48:51.80263
116	毛粉	2018	潮語	0	2021-04-08 13:48:51.80263	2021-04-08 13:48:51.80263
117	跳高女神	2018	潮語	0	2021-04-08 13:48:51.80263	2021-04-08 13:48:51.80263
119	佛系	2018	潮語	0	2021-04-08 13:48:51.80263	2021-04-08 13:48:51.80263
121	專家Dickson	2018	潮語	0	2021-04-08 13:48:51.80263	2021-04-08 13:48:51.80263
122	雜誌仔	2018	潮語	0	2021-04-08 13:48:51.80263	2021-04-08 13:48:51.80263
123	大台	2018	潮語	0	2021-04-08 13:48:51.80263	2021-04-08 13:48:51.80263
124	推友	2018	潮語	0	2021-04-08 13:48:51.80263	2021-04-08 13:48:51.80263
126	宇宙最強	2018	潮語	0	2021-04-08 13:48:51.80263	2021-04-08 13:48:51.80263
127	P圖	2018	潮語	0	2021-04-08 13:48:51.80263	2021-04-08 13:48:51.80263
131	塞車因為車多	2018	潮語	0	2021-04-08 13:48:51.80263	2021-04-08 13:48:51.80263
132	喵星人	2018	潮語	0	2021-04-08 13:48:51.80263	2021-04-08 13:48:51.80263
133	失意體前屈	2018	潮語	0	2021-04-08 13:48:51.80263	2021-04-08 13:48:51.80263
134	Cal9lation	2018	潮語	0	2021-04-08 13:48:51.80263	2021-04-08 13:48:51.80263
136	尖啤	2018	潮語	0	2021-04-08 13:48:51.80263	2021-04-08 13:48:51.80263
137	748	2018	潮語	0	2021-04-08 13:48:51.80263	2021-04-08 13:48:51.80263
139	懷疑人生	2017	潮語	0	2021-04-08 13:48:51.80263	2021-04-08 13:48:51.80263
141	邊間教會	2017	潮語	0	2021-04-08 13:48:51.80263	2021-04-08 13:48:51.80263
143	素人	2017	潮語	0	2021-04-08 13:48:51.80263	2021-04-08 13:48:51.80263
144	游生	2017	潮語	0	2021-04-08 13:48:51.80263	2021-04-08 13:48:51.80263
151	圍爐打飛機	2017	潮語	0	2021-04-08 13:48:51.80263	2021-04-08 13:48:51.80263
153	跳哂掣	2017	潮語	0	2021-04-08 13:48:51.80263	2021-04-08 13:48:51.80263
156	釣人食飯	2017	潮語	0	2021-04-08 13:48:51.80263	2021-04-08 13:48:51.80263
157	釣我食飯	2017	潮語	0	2021-04-08 13:48:51.80263	2021-04-08 13:48:51.80263
158	釣你食飯	2017	潮語	0	2021-04-08 13:48:51.80263	2021-04-08 13:48:51.80263
159	極不無聊	2017	潮語	0	2021-04-08 13:48:51.80263	2021-04-08 13:48:51.80263
160	天臨君下	2017	潮語	0	2021-04-08 13:48:51.80263	2021-04-08 13:48:51.80263
161	帽事既	2017	潮語	0	2021-04-08 13:48:51.80263	2021-04-08 13:48:51.80263
162	Tree根二世	2017	潮語	0	2021-04-08 13:48:51.80263	2021-04-08 13:48:51.80263
165	阿明	2017	潮語	0	2021-04-08 13:48:51.80263	2021-04-08 13:48:51.80263
166	課長	2017	潮語	0	2021-04-08 13:48:51.80263	2021-04-08 13:48:51.80263
167	避閃	2017	潮語	0	2021-04-08 13:48:51.80263	2021-04-08 13:48:51.80263
168	精神	2017	潮語	0	2021-04-08 13:48:51.80263	2021-04-08 13:48:51.80263
172	沒有之一	2017	潮語	0	2021-04-08 13:48:51.80263	2021-04-08 13:48:51.80263
175	777	2017	潮語	0	2021-04-08 13:48:51.80263	2021-04-08 13:48:51.80263
176	放閃	2017	潮語	0	2021-04-08 13:48:51.80263	2021-04-08 13:48:51.80263
177	文生	2017	潮語	0	2021-04-08 13:48:51.80263	2021-04-08 13:48:51.80263
178	林月鄭娥	2017	潮語	0	2021-04-08 13:48:51.80263	2021-04-08 13:48:51.80263
180	馬國明放假一天	2017	潮語	0	2021-04-08 13:48:51.80263	2021-04-08 13:48:51.80263
181	上帝叫我	2017	潮語	0	2021-04-08 13:48:51.80263	2021-04-08 13:48:51.80263
182	奶媽	2017	潮語	0	2021-04-08 13:48:51.80263	2021-04-08 13:48:51.80263
184	男人的浪漫	2017	潮語	0	2021-04-08 13:48:51.80263	2021-04-08 13:48:51.80263
186	服兵役	2017	潮語	0	2021-04-08 13:48:51.80263	2021-04-08 13:48:51.80263
187	吹屎眼	2016	潮語	0	2021-04-08 13:48:51.80263	2021-04-08 13:48:51.80263
188	吹水安	2016	潮語	0	2021-04-08 13:48:51.80263	2021-04-08 13:48:51.80263
189	過大海	2016	潮語	0	2021-04-08 13:48:51.80263	2021-04-08 13:48:51.80263
190	馬交	2016	潮語	0	2021-04-08 13:48:51.80263	2021-04-08 13:48:51.80263
191	笨撚	2016	潮語	0	2021-04-08 13:48:51.80263	2021-04-08 13:48:51.80263
193	女版689	2016	潮語	0	2021-04-08 13:48:51.80263	2021-04-08 13:48:51.80263
194	張學友.jpg	2016	潮語	0	2021-04-08 13:48:51.80263	2021-04-08 13:48:51.80263
195	燒山	2016	潮語	0	2021-04-08 13:48:51.80263	2021-04-08 13:48:51.80263
196	R.IP	2016	潮語	0	2021-04-08 13:48:51.80263	2021-04-08 13:48:51.80263
198	掌心雷	2016	潮語	0	2021-04-08 13:48:51.80263	2021-04-08 13:48:51.80263
199	蟲Can	2016	潮語	0	2021-04-08 13:48:51.80263	2021-04-08 13:48:51.80263
205	梁38	2016	潮語	0	2021-04-08 13:48:51.80263	2021-04-08 13:48:51.80263
206	議政時差	2016	潮語	0	2021-04-08 13:48:51.80263	2021-04-08 13:48:51.80263
207	PPAP	2016	潮語	0	2021-04-08 13:48:51.80263	2021-04-08 13:48:51.80263
209	應機	2016	潮語	0	2021-04-08 13:48:51.80263	2021-04-08 13:48:51.80263
171	PTGF	2017	潮語	5	2021-04-08 13:48:51.80263	2021-04-08 13:48:51.80263
145	火車頭	2017	潮語	1	2021-04-08 13:48:51.80263	2021-04-08 13:48:51.80263
197	ABC	2016	潮語	5	2021-04-08 13:48:51.80263	2021-04-08 13:48:51.80263
147	IT狗	2017	潮語	3	2021-04-08 13:48:51.80263	2021-04-08 13:48:51.80263
201	當奴侵	2016	潮語	19	2021-04-08 13:48:51.80263	2021-04-08 13:48:51.80263
108	FML	2018	潮語	38	2021-04-08 13:48:51.80263	2021-04-08 13:48:51.80263
125	黑人問號	2018	潮語	3	2021-04-08 13:48:51.80263	2021-04-08 13:48:51.80263
129	粟米六粒飯	2018	潮語	1	2021-04-08 13:48:51.80263	2021-04-08 13:48:51.80263
113	leung leung	2018	潮語	22	2021-04-08 13:48:51.80263	2021-04-08 13:48:51.80263
142	Earth Vely Danger	2017	潮語	1	2021-04-08 13:48:51.80263	2021-04-08 13:48:51.80263
138	kam	2017	潮語	84	2021-04-08 13:48:51.80263	2021-04-08 13:48:51.80263
150	KOL	2017	潮語	68	2021-04-08 13:48:51.80263	2021-04-08 13:48:51.80263
179	講還講唔好貼圖	2017	潮語	4	2021-04-08 13:48:51.80263	2021-04-08 13:48:51.80263
163	hihi	2017	潮語	26	2021-04-08 13:48:51.80263	2021-04-08 13:48:51.80263
174	生快	2017	潮語	18	2021-04-08 13:48:51.80263	2021-04-08 13:48:51.80263
200	侵侵	2016	潮語	22	2021-04-08 13:48:51.80263	2021-04-08 13:48:51.80263
140	Fat fat la	2017	潮語	46	2021-04-08 13:48:51.80263	2021-04-08 13:48:51.80263
192	Ga Yau	2016	潮語	15	2021-04-08 13:48:51.80263	2021-04-08 13:48:51.80263
208	Three C Meeting	2016	潮語	2	2021-04-08 13:48:51.80263	2021-04-08 13:48:51.80263
154	gfable	2017	潮語	9	2021-04-08 13:48:51.80263	2021-04-08 13:48:51.80263
135	Latergram	2018	潮語	10	2021-04-08 13:48:51.80263	2021-04-08 13:48:51.80263
202	DQ	2016	潮語	23	2021-04-08 13:48:51.80263	2021-04-08 13:48:51.80263
152	好雷	2017	潮語	4	2021-04-08 13:48:51.80263	2021-04-08 13:48:51.80263
110	係愛呀哈利	2018	潮語	1	2021-04-08 13:48:51.80263	2021-04-08 13:48:51.80263
130	好緊火	2018	潮語	4	2021-04-08 13:48:51.80263	2021-04-08 13:48:51.80263
120	是咁的	2018	潮語	7	2021-04-08 13:48:51.80263	2021-04-08 13:48:51.80263
148	fol	2017	潮語	44	2021-04-08 13:48:51.80263	2021-04-08 13:48:51.80263
118	神奇小子	2018	潮語	1	2021-04-08 13:48:51.80263	2021-04-08 13:48:51.80263
155	OP	2017	潮語	5	2021-04-08 13:48:51.80263	2021-04-08 13:48:51.80263
204	Hangry	2016	潮語	26	2021-04-08 13:48:51.80263	2021-04-08 13:48:51.80263
170	PTBF	2017	潮語	8	2021-04-08 13:48:51.80263	2021-04-08 13:48:51.80263
109	走大橋看珠西	2018	潮語	1	2021-04-08 13:48:51.80263	2021-04-08 13:48:51.80263
146	網紅	2017	潮語	85	2021-04-08 13:48:51.80263	2021-04-08 13:48:51.80263
203	1999	2016	潮語	8	2021-04-08 13:48:51.80263	2021-04-08 13:48:51.80263
149	壞過凱婷	2017	潮語	3	2021-04-08 13:48:51.80263	2021-04-08 13:48:51.80263
173	邊度女平	2017	潮語	8	2021-04-08 13:48:51.80263	2021-04-08 13:48:51.80263
169	HJ2Q	2017	潮語	12	2021-04-08 13:48:51.80263	2021-04-08 13:48:51.80263
164	covfefe	2017	潮語	2	2021-04-08 13:48:51.80263	2021-04-08 13:48:51.80263
210	薯片叔叔	2016	潮語	0	2021-04-08 13:48:51.80263	2021-04-08 13:48:51.80263
211	劍弩拔張	2016	潮語	0	2021-04-08 13:48:51.80263	2021-04-08 13:48:51.80263
212	雞，全部都係雞	2016	潮語	0	2021-04-08 13:48:51.80263	2021-04-08 13:48:51.80263
213	左膠	2016	潮語	0	2021-04-08 13:48:51.80263	2021-04-08 13:48:51.80263
214	鄺體	2016	潮語	0	2021-04-08 13:48:51.80263	2021-04-08 13:48:51.80263
217	洪荒之力	2016	潮語	0	2021-04-08 13:48:51.80263	2021-04-08 13:48:51.80263
218	心入面條蟲	2016	潮語	0	2021-04-08 13:48:51.80263	2021-04-08 13:48:51.80263
221	離地	2016	潮語	0	2021-04-08 13:48:51.80263	2021-04-08 13:48:51.80263
223	核心外圍	2016	潮語	0	2021-04-08 13:48:51.80263	2021-04-08 13:48:51.80263
225	波撚	2016	潮語	0	2021-04-08 13:48:51.80263	2021-04-08 13:48:51.80263
226	寶寶心裡苦，但寶寶不說	2016	潮語	0	2021-04-08 13:48:51.80263	2021-04-08 13:48:51.80263
230	特事特辦	2016	潮語	0	2021-04-08 13:48:51.80263	2021-04-08 13:48:51.80263
231	悔辱	2016	潮語	0	2021-04-08 13:48:51.80263	2021-04-08 13:48:51.80263
232	李早	2016	潮語	0	2021-04-08 13:48:51.80263	2021-04-08 13:48:51.80263
233	清泉	2016	潮語	0	2021-04-08 13:48:51.80263	2021-04-08 13:48:51.80263
234	明張目膽	2016	潮語	0	2021-04-08 13:48:51.80263	2021-04-08 13:48:51.80263
235	老司機	2016	潮語	0	2021-04-08 13:48:51.80263	2021-04-08 13:48:51.80263
236	因龍航空	2016	潮語	0	2021-04-08 13:48:51.80263	2021-04-08 13:48:51.80263
237	因快航空	2016	潮語	0	2021-04-08 13:48:51.80263	2021-04-08 13:48:51.80263
239	管理員	2016	潮語	0	2021-04-08 13:48:51.80263	2021-04-08 13:48:51.80263
240	夜喇	2016	潮語	0	2021-04-08 13:48:51.80263	2021-04-08 13:48:51.80263
241	隊bu池	2016	潮語	0	2021-04-08 13:48:51.80263	2021-04-08 13:48:51.80263
243	我見過！我真係見過！	2016	潮語	0	2021-04-08 13:48:51.80263	2021-04-08 13:48:51.80263
244	真．	2016	潮語	0	2021-04-08 13:48:51.80263	2021-04-08 13:48:51.80263
246	亞視永恆	2016	潮語	0	2021-04-08 13:48:51.80263	2021-04-08 13:48:51.80263
247	有請小鳳姐	2016	潮語	0	2021-04-08 13:48:51.80263	2021-04-08 13:48:51.80263
249	仙氣	2016	潮語	0	2021-04-08 13:48:51.80263	2021-04-08 13:48:51.80263
250	Barcode勤	2016	潮語	0	2021-04-08 13:48:51.80263	2021-04-08 13:48:51.80263
251	剩女	2015	潮語	0	2021-04-08 13:48:51.80263	2021-04-08 13:48:51.80263
253	老老竇竇	2015	潮語	0	2021-04-08 13:48:51.80263	2021-04-08 13:48:51.80263
254	龍蝦	2015	潮語	0	2021-04-08 13:48:51.80263	2021-04-08 13:48:51.80263
255	內容農場	2015	潮語	0	2021-04-08 13:48:51.80263	2021-04-08 13:48:51.80263
256	c6	2015	潮語	0	2021-04-08 13:48:51.80263	2021-04-08 13:48:51.80263
257	唔得掂	2015	潮語	0	2021-04-08 13:48:51.80263	2021-04-08 13:48:51.80263
258	照騙	2015	潮語	0	2021-04-08 13:48:51.80263	2021-04-08 13:48:51.80263
259	CNMD	2015	潮語	0	2021-04-08 13:48:51.80263	2021-04-08 13:48:51.80263
260	濕平	2015	潮語	0	2021-04-08 13:48:51.80263	2021-04-08 13:48:51.80263
261	輸根	2015	潮語	0	2021-04-08 13:48:51.80263	2021-04-08 13:48:51.80263
262	不要放棄治療	2015	潮語	0	2021-04-08 13:48:51.80263	2021-04-08 13:48:51.80263
263	菲律賓博士	2015	潮語	0	2021-04-08 13:48:51.80263	2021-04-08 13:48:51.80263
264	Eric Chan	2015	潮語	0	2021-04-08 13:48:51.80263	2021-04-08 13:48:51.80263
266	有時真係忍唔住笑	2015	潮語	0	2021-04-08 13:48:51.80263	2021-04-08 13:48:51.80263
267	心心眼	2015	潮語	0	2021-04-08 13:48:51.80263	2021-04-08 13:48:51.80263
269	鉛水	2015	潮語	0	2021-04-08 13:48:51.80263	2021-04-08 13:48:51.80263
270	滾動	2015	潮語	0	2021-04-08 13:48:51.80263	2021-04-08 13:48:51.80263
272	司法覆核	2015	潮語	0	2021-04-08 13:48:51.80263	2021-04-08 13:48:51.80263
273	爽皮	2015	潮語	0	2021-04-08 13:48:51.80263	2021-04-08 13:48:51.80263
276	官到無求膽自大	2015	潮語	0	2021-04-08 13:48:51.80263	2021-04-08 13:48:51.80263
278	方東昇	2015	潮語	0	2021-04-08 13:48:51.80263	2021-04-08 13:48:51.80263
280	射射	2015	潮語	0	2021-04-08 13:48:51.80263	2021-04-08 13:48:51.80263
284	首先...	2015	潮語	0	2021-04-08 13:48:51.80263	2021-04-08 13:48:51.80263
285	東方昇	2015	潮語	0	2021-04-08 13:48:51.80263	2021-04-08 13:48:51.80263
286	Exact7ly	2015	潮語	0	2021-04-08 13:48:51.80263	2021-04-08 13:48:51.80263
287	TGIF	2015	潮語	0	2021-04-08 13:48:51.80263	2021-04-08 13:48:51.80263
288	推倒	2015	潮語	0	2021-04-08 13:48:51.80263	2021-04-08 13:48:51.80263
289	打丁	2015	潮語	0	2021-04-08 13:48:51.80263	2021-04-08 13:48:51.80263
290	娘娘	2015	潮語	0	2021-04-08 13:48:51.80263	2021-04-08 13:48:51.80263
291	腦細	2015	潮語	0	2021-04-08 13:48:51.80263	2021-04-08 13:48:51.80263
296	老老77	2015	潮語	0	2021-04-08 13:48:51.80263	2021-04-08 13:48:51.80263
297	土地問題	2015	潮語	0	2021-04-08 13:48:51.80263	2021-04-08 13:48:51.80263
298	超然	2015	潮語	0	2021-04-08 13:48:51.80263	2021-04-08 13:48:51.80263
300	脫毒	2015	潮語	0	2021-04-08 13:48:51.80263	2021-04-08 13:48:51.80263
301	貓奴	2015	潮語	0	2021-04-08 13:48:51.80263	2021-04-08 13:48:51.80263
303	大媽	2015	潮語	0	2021-04-08 13:48:51.80263	2021-04-08 13:48:51.80263
304	負皮	2015	潮語	0	2021-04-08 13:48:51.80263	2021-04-08 13:48:51.80263
305	梳乎	2015	潮語	0	2021-04-08 13:48:51.80263	2021-04-08 13:48:51.80263
306	萌	2015	潮語	0	2021-04-08 13:48:51.80263	2021-04-08 13:48:51.80263
308	蝦薯	2015	潮語	0	2021-04-08 13:48:51.80263	2021-04-08 13:48:51.80263
311	送禮勤	2015	潮語	0	2021-04-08 13:48:51.80263	2021-04-08 13:48:51.80263
312	一男子	2015	潮語	0	2021-04-08 13:48:51.80263	2021-04-08 13:48:51.80263
294	What 7 u say	2015	潮語	1	2021-04-08 13:48:51.80263	2021-04-08 13:48:51.80263
271	暴力市民	2015	潮語	1	2021-04-08 13:48:51.80263	2021-04-08 13:48:51.80263
279	Any肥	2015	潮語	37	2021-04-08 13:48:51.80263	2021-04-08 13:48:51.80263
228	SAS	2016	潮語	58	2021-04-08 13:48:51.80263	2021-04-08 13:48:51.80263
220	UM9	2016	潮語	1	2021-04-08 13:48:51.80263	2021-04-08 13:48:51.80263
282	so9sad	2015	潮語	21	2021-04-08 13:48:51.80263	2021-04-08 13:48:51.80263
274	愛情動作片	2015	潮語	29	2021-04-08 13:48:51.80263	2021-04-08 13:48:51.80263
245	偽毒	2016	潮語	1	2021-04-08 13:48:51.80263	2021-04-08 13:48:51.80263
275	use7less	2015	潮語	7	2021-04-08 13:48:51.80263	2021-04-08 13:48:51.80263
248	G	2016	潮語	10	2021-04-08 13:48:51.80263	2021-04-08 13:48:51.80263
216	I am the King	2016	潮語	18	2021-04-08 13:48:51.80263	2021-04-08 13:48:51.80263
265	chirs	2015	潮語	1	2021-04-08 13:48:51.80263	2021-04-08 13:48:51.80263
295	is but	2015	潮語	11	2021-04-08 13:48:51.80263	2021-04-08 13:48:51.80263
219	口裡說不，身體卻很誠實	2016	潮語	1	2021-04-08 13:48:51.80263	2021-04-08 13:48:51.80263
224	我覺得自己是零	2016	潮語	1	2021-04-08 13:48:51.80263	2021-04-08 13:48:51.80263
293	konglish	2015	潮語	169	2021-04-08 13:48:51.80263	2021-04-08 13:48:51.80263
252	Burn Sell	2015	潮語	5	2021-04-08 13:48:51.80263	2021-04-08 13:48:51.80263
309	Sor9ry	2015	潮語	19	2021-04-08 13:48:51.80263	2021-04-08 13:48:51.80263
238	jm9	2016	潮語	49	2021-04-08 13:48:51.80263	2021-04-08 13:48:51.80263
307	魚柳bell	2015	潮語	2	2021-04-08 13:48:51.80263	2021-04-08 13:48:51.80263
268	666666	2015	潮語	4	2021-04-08 13:48:51.80263	2021-04-08 13:48:51.80263
229	ldm	2016	潮語	43	2021-04-08 13:48:51.80263	2021-04-08 13:48:51.80263
292	D7689	2015	潮語	21	2021-04-08 13:48:51.80263	2021-04-08 13:48:51.80263
302	sss	2015	潮語	46	2021-04-08 13:48:51.80263	2021-04-08 13:48:51.80263
310	突破盲腸	2015	潮語	4	2021-04-08 13:48:51.80263	2021-04-08 13:48:51.80263
277	jm	2015	潮語	62	2021-04-08 13:48:51.80263	2021-04-08 13:48:51.80263
222	Chill	2016	潮語	26	2021-04-08 13:48:51.80263	2021-04-08 13:48:51.80263
242	關公災難	2016	潮語	1	2021-04-08 13:48:51.80263	2021-04-08 13:48:51.80263
281	mola mola	2015	潮語	3	2021-04-08 13:48:51.80263	2021-04-08 13:48:51.80263
283	404 not found	2015	潮語	2	2021-04-08 13:48:51.80263	2021-04-08 13:48:51.80263
313	食好西	2015	潮語	0	2021-04-08 13:48:51.80263	2021-04-08 13:48:51.80263
315	啪啪啪	2015	潮語	0	2021-04-08 13:48:51.80263	2021-04-08 13:48:51.80263
317	熟肉	2015	潮語	0	2021-04-08 13:48:51.80263	2021-04-08 13:48:51.80263
318	生肉	2015	潮語	0	2021-04-08 13:48:51.80263	2021-04-08 13:48:51.80263
319	娃娃舜	2015	潮語	0	2021-04-08 13:48:51.80263	2021-04-08 13:48:51.80263
320	娃舜天下	2015	潮語	0	2021-04-08 13:48:51.80263	2021-04-08 13:48:51.80263
322	女神	2015	潮語	0	2021-04-08 13:48:51.80263	2021-04-08 13:48:51.80263
323	識條毛咩	2015	潮語	0	2021-04-08 13:48:51.80263	2021-04-08 13:48:51.80263
324	識條春咩	2015	潮語	0	2021-04-08 13:48:51.80263	2021-04-08 13:48:51.80263
325	識條鐵咩	2015	潮語	0	2021-04-08 13:48:51.80263	2021-04-08 13:48:51.80263
326	觀音兵	2015	潮語	0	2021-04-08 13:48:51.80263	2021-04-08 13:48:51.80263
327	廢中	2015	潮語	0	2021-04-08 13:48:51.80263	2021-04-08 13:48:51.80263
328	貴姓呀陳生	2015	潮語	0	2021-04-08 13:48:51.80263	2021-04-08 13:48:51.80263
331	壁咚	2015	潮語	0	2021-04-08 13:48:51.80263	2021-04-08 13:48:51.80263
333	藍絲	2015	潮語	0	2021-04-08 13:48:51.80263	2021-04-08 13:48:51.80263
334	黃絲	2015	潮語	0	2021-04-08 13:48:51.80263	2021-04-08 13:48:51.80263
336	廢青	2015	潮語	0	2021-04-08 13:48:51.80263	2021-04-08 13:48:51.80263
337	毛孩	2015	潮語	0	2021-04-08 13:48:51.80263	2021-04-08 13:48:51.80263
338	CD勤	2015	潮語	0	2021-04-08 13:48:51.80263	2021-04-08 13:48:51.80263
339	典解	2015	潮語	0	2021-04-08 13:48:51.80263	2021-04-08 13:48:51.80263
340	打耳	2015	潮語	0	2021-04-08 13:48:51.80263	2021-04-08 13:48:51.80263
341	毒撚	2015	潮語	0	2021-04-08 13:48:51.80263	2021-04-08 13:48:51.80263
342	方丈	2015	潮語	0	2021-04-08 13:48:51.80263	2021-04-08 13:48:51.80263
344	爽YY	2015	潮語	0	2021-04-08 13:48:51.80263	2021-04-08 13:48:51.80263
345	Tree Gun	2015	潮語	0	2021-04-08 13:48:51.80263	2021-04-08 13:48:51.80263
347	課金	2015	潮語	0	2021-04-08 13:48:51.80263	2021-04-08 13:48:51.80263
348	括目相看	2015	潮語	0	2021-04-08 13:48:51.80263	2021-04-08 13:48:51.80263
349	雞毛鴨蒜	2015	潮語	0	2021-04-08 13:48:51.80263	2021-04-08 13:48:51.80263
350	紅都面哂	2015	潮語	0	2021-04-08 13:48:51.80263	2021-04-08 13:48:51.80263
353	等埋發叔	2015	潮語	0	2021-04-08 13:48:51.80263	2021-04-08 13:48:51.80263
355	毒拎	2015	潮語	0	2021-04-08 13:48:51.80263	2021-04-08 13:48:51.80263
356	毒L	2015	潮語	0	2021-04-08 13:48:51.80263	2021-04-08 13:48:51.80263
357	廢燉	2015	潮語	0	2021-04-08 13:48:51.80263	2021-04-08 13:48:51.80263
358	公平咩	2015	潮語	0	2021-04-08 13:48:51.80263	2021-04-08 13:48:51.80263
361	慈母	2015	潮語	0	2021-04-08 13:48:51.80263	2021-04-08 13:48:51.80263
363	480	2015	潮語	0	2021-04-08 13:48:51.80263	2021-04-08 13:48:51.80263
364	5g	2015	潮語	0	2021-04-08 13:48:51.80263	2021-04-08 13:48:51.80263
369	奶撻	2015	潮語	0	2021-04-08 13:48:51.80263	2021-04-08 13:48:51.80263
370	有SO	2015	潮語	0	2021-04-08 13:48:51.80263	2021-04-08 13:48:51.80263
377	沒女	2014	潮語	0	2021-04-08 13:48:51.80263	2021-04-08 13:48:51.80263
378	爆rp	2014	潮語	0	2021-04-08 13:48:51.80263	2021-04-08 13:48:51.80263
380	鳩嗚	2014	潮語	0	2021-04-08 13:48:51.80263	2021-04-08 13:48:51.80263
381	人妻	2014	潮語	0	2021-04-08 13:48:51.80263	2021-04-08 13:48:51.80263
382	科科	2014	潮語	0	2021-04-08 13:48:51.80263	2021-04-08 13:48:51.80263
387	低頭族	2014	潮語	0	2021-04-08 13:48:51.80263	2021-04-08 13:48:51.80263
388	倒抽一口梁氣	2014	潮語	0	2021-04-08 13:48:51.80263	2021-04-08 13:48:51.80263
389	cmg	2014	潮語	0	2021-04-08 13:48:51.80263	2021-04-08 13:48:51.80263
390	九菜	2014	潮語	0	2021-04-08 13:48:51.80263	2021-04-08 13:48:51.80263
393	灰機	2014	潮語	0	2021-04-08 13:48:51.80263	2021-04-08 13:48:51.80263
394	88	2014	潮語	0	2021-04-08 13:48:51.80263	2021-04-08 13:48:51.80263
395	不能同意更多	2014	潮語	0	2021-04-08 13:48:51.80263	2021-04-08 13:48:51.80263
396	合皮巢	2014	潮語	0	2021-04-08 13:48:51.80263	2021-04-08 13:48:51.80263
397	剝花生	2014	潮語	0	2021-04-08 13:48:51.80263	2021-04-08 13:48:51.80263
398	914	2014	潮語	0	2021-04-08 13:48:51.80263	2021-04-08 13:48:51.80263
399	無朋友	2014	潮語	0	2021-04-08 13:48:51.80263	2021-04-08 13:48:51.80263
400	TMD	2014	潮語	0	2021-04-08 13:48:51.80263	2021-04-08 13:48:51.80263
401	洋蔥圈	2014	潮語	0	2021-04-08 13:48:51.80263	2021-04-08 13:48:51.80263
403	55	2014	潮語	0	2021-04-08 13:48:51.80263	2021-04-08 13:48:51.80263
407	車頭燈	2014	潮語	0	2021-04-08 13:48:51.80263	2021-04-08 13:48:51.80263
411	天文台	2014	潮語	0	2021-04-08 13:48:51.80263	2021-04-08 13:48:51.80263
413	中女	2014	潮語	0	2021-04-08 13:48:51.80263	2021-04-08 13:48:51.80263
414	睇L住	2014	潮語	0	2021-04-08 13:48:51.80263	2021-04-08 13:48:51.80263
415	向左走向右走	2014	潮語	0	2021-04-08 13:48:51.80263	2021-04-08 13:48:51.80263
418	不該	2014	潮語	0	2021-04-08 13:48:51.80263	2021-04-08 13:48:51.80263
366	hehe	2015	潮語	24	2021-04-08 13:48:51.80263	2021-04-08 13:48:51.80263
386	jed	2014	潮語	55	2021-04-08 13:48:51.80263	2021-04-08 13:48:51.80263
316	小毒毒	2015	潮語	2	2021-04-08 13:48:51.80263	2021-04-08 13:48:51.80263
332	gathering	2015	潮語	21	2021-04-08 13:48:51.80263	2021-04-08 13:48:51.80263
404	厚多士	2014	潮語	1	2021-04-08 13:48:51.80263	2021-04-08 13:48:51.80263
359	GG	2015	潮語	17	2021-04-08 13:48:51.80263	2021-04-08 13:48:51.80263
391	kuso	2014	潮語	120	2021-04-08 13:48:51.80263	2021-04-08 13:48:51.80263
352	Delay No More	2015	潮語	22	2021-04-08 13:48:51.80263	2021-04-08 13:48:51.80263
368	FF	2015	潮語	43	2021-04-08 13:48:51.80263	2021-04-08 13:48:51.80263
410	nofilter	2014	潮語	1	2021-04-08 13:48:51.80263	2021-04-08 13:48:51.80263
374	ootd	2015	潮語	8	2021-04-08 13:48:51.80263	2021-04-08 13:48:51.80263
365	講經	2015	潮語	6	2021-04-08 13:48:51.80263	2021-04-08 13:48:51.80263
371	l4l	2015	潮語	23	2021-04-08 13:48:51.80263	2021-04-08 13:48:51.80263
402	689	2014	潮語	3	2021-04-08 13:48:51.80263	2021-04-08 13:48:51.80263
383	KS	2014	潮語	94	2021-04-08 13:48:51.80263	2021-04-08 13:48:51.80263
362	sb	2015	潮語	15	2021-04-08 13:48:51.80263	2021-04-08 13:48:51.80263
417	WCW	2014	潮語	1	2021-04-08 13:48:51.80263	2021-04-08 13:48:51.80263
367	ggebsong	2015	潮語	20	2021-04-08 13:48:51.80263	2021-04-08 13:48:51.80263
314	wwwww	2015	潮語	2	2021-04-08 13:48:51.80263	2021-04-08 13:48:51.80263
419	wts	2014	潮語	2	2021-04-08 13:48:51.80263	2021-04-08 13:48:51.80263
379	msw	2014	潮語	2	2021-04-08 13:48:51.80263	2021-04-08 13:48:51.80263
376	God use VPN	2015	潮語	2	2021-04-08 13:48:51.80263	2021-04-08 13:48:51.80263
335	些牙	2015	潮語	8	2021-04-08 13:48:51.80263	2021-04-08 13:48:51.80263
360	UASC	2015	潮語	9	2021-04-08 13:48:51.80263	2021-04-08 13:48:51.80263
412	fd子	2014	潮語	44	2021-04-08 13:48:51.80263	2021-04-08 13:48:51.80263
343	肯肯定	2015	潮語	2	2021-04-08 13:48:51.80263	2021-04-08 13:48:51.80263
408	siu bao	2014	潮語	9	2021-04-08 13:48:51.80263	2021-04-08 13:48:51.80263
416	MCM	2014	潮語	4	2021-04-08 13:48:51.80263	2021-04-08 13:48:51.80263
346	Tree根	2015	潮語	1	2021-04-08 13:48:51.80263	2021-04-08 13:48:51.80263
329	sheshe	2015	潮語	11	2021-04-08 13:48:51.80263	2021-04-08 13:48:51.80263
384	是咪	2014	潮語	7	2021-04-08 13:48:51.80263	2021-04-08 13:48:51.80263
385	ching	2014	潮語	1	2021-04-08 13:48:51.80263	2021-04-08 13:48:51.80263
406	kai	2014	潮語	110	2021-04-08 13:48:51.80263	2021-04-08 13:48:51.80263
372	f4f	2015	潮語	43	2021-04-08 13:48:51.80263	2021-04-08 13:48:51.80263
392	賣飛佛	2014	潮語	2	2021-04-08 13:48:51.80263	2021-04-08 13:48:51.80263
351	19仔	2015	潮語	1	2021-04-08 13:48:51.80263	2021-04-08 13:48:51.80263
321	愛字頭	2015	潮語	1	2021-04-08 13:48:51.80263	2021-04-08 13:48:51.80263
330	U seem like fun	2015	潮語	2	2021-04-08 13:48:51.80263	2021-04-08 13:48:51.80263
373	shoefie	2015	潮語	16	2021-04-08 13:48:51.80263	2021-04-08 13:48:51.80263
420	懶人包	2013	潮語	0	2021-04-08 13:48:51.80263	2021-04-08 13:48:51.80263
423	nvm	2013	潮語	0	2021-04-08 13:48:51.80263	2021-04-08 13:48:51.80263
424	囧	2013	潮語	0	2021-04-08 13:48:51.80263	2021-04-08 13:48:51.80263
430	89078	2013	潮語	0	2021-04-08 13:48:51.80263	2021-04-08 13:48:51.80263
431	金沙哈咪打	2013	潮語	0	2021-04-08 13:48:51.80263	2021-04-08 13:48:51.80263
433	87	2013	潮語	0	2021-04-08 13:48:51.80263	2021-04-08 13:48:51.80263
434	令女	2013	潮語	0	2021-04-08 13:48:51.80263	2021-04-08 13:48:51.80263
435	5d	2013	潮語	0	2021-04-08 13:48:51.80263	2021-04-08 13:48:51.80263
440	Why not both	2013	潮語	0	2021-04-08 13:48:51.80263	2021-04-08 13:48:51.80263
441	dls	2012	潮語	0	2021-04-08 13:48:51.80263	2021-04-08 13:48:51.80263
444	派膠	2012	潮語	0	2021-04-08 13:48:51.80263	2021-04-08 13:48:51.80263
445	李氏力場	2012	潮語	0	2021-04-08 13:48:51.80263	2021-04-08 13:48:51.80263
446	龍友	2012	潮語	0	2021-04-08 13:48:51.80263	2021-04-08 13:48:51.80263
447	chok	2012	潮語	0	2021-04-08 13:48:51.80263	2021-04-08 13:48:51.80263
448	燒你數簿	2012	潮語	0	2021-04-08 13:48:51.80263	2021-04-08 13:48:51.80263
449	機車	2012	潮語	0	2021-04-08 13:48:51.80263	2021-04-08 13:48:51.80263
450	硬膠	2012	潮語	0	2021-04-08 13:48:51.80263	2021-04-08 13:48:51.80263
453	中出	2012	潮語	0	2021-04-08 13:48:51.80263	2021-04-08 13:48:51.80263
455	禮義廉	2012	潮語	0	2021-04-08 13:48:51.80263	2021-04-08 13:48:51.80263
456	898	2012	潮語	0	2021-04-08 13:48:51.80263	2021-04-08 13:48:51.80263
459	PS	2011	潮語	0	2021-04-08 13:48:51.80263	2021-04-08 13:48:51.80263
460	小學雞	2011	潮語	0	2021-04-08 13:48:51.80263	2021-04-08 13:48:51.80263
462	飛釘	2011	潮語	0	2021-04-08 13:48:51.80263	2021-04-08 13:48:51.80263
464	無奶油	2011	潮語	0	2021-04-08 13:48:51.80263	2021-04-08 13:48:51.80263
466	打邊爐	2011	潮語	0	2021-04-08 13:48:51.80263	2021-04-08 13:48:51.80263
467	爛gag	2011	潮語	0	2021-04-08 13:48:51.80263	2021-04-08 13:48:51.80263
469	頹	2011	潮語	0	2021-04-08 13:48:51.80263	2021-04-08 13:48:51.80263
470	集郵	2011	潮語	0	2021-04-08 13:48:51.80263	2021-04-08 13:48:51.80263
471	大西北	2011	潮語	0	2021-04-08 13:48:51.80263	2021-04-08 13:48:51.80263
473	事業線	2011	潮語	0	2021-04-08 13:48:51.80263	2021-04-08 13:48:51.80263
475	雙非	2011	潮語	0	2021-04-08 13:48:51.80263	2021-04-08 13:48:51.80263
477	超錯	2011	潮語	0	2021-04-08 13:48:51.80263	2021-04-08 13:48:51.80263
478	躺著也中槍	2010	潮語	0	2021-04-08 13:48:51.80263	2021-04-08 13:48:51.80263
481	達人	2010	潮語	0	2021-04-08 13:48:51.80263	2021-04-08 13:48:51.80263
482	潮文	2010	潮語	0	2021-04-08 13:48:51.80263	2021-04-08 13:48:51.80263
484	潮語	2010	潮語	0	2021-04-08 13:48:51.80263	2021-04-08 13:48:51.80263
485	毒男	2010	潮語	0	2021-04-08 13:48:51.80263	2021-04-08 13:48:51.80263
486	港女	2010	潮語	0	2021-04-08 13:48:51.80263	2021-04-08 13:48:51.80263
487	火星文	2010	潮語	0	2021-04-08 13:48:51.80263	2021-04-08 13:48:51.80263
488	潛水	2010	潮語	0	2021-04-08 13:48:51.80263	2021-04-08 13:48:51.80263
489	潮童	2010	潮語	0	2021-04-08 13:48:51.80263	2021-04-08 13:48:51.80263
490	收皮	2010	潮語	0	2021-04-08 13:48:51.80263	2021-04-08 13:48:51.80263
491	放飛機	2010	潮語	0	2021-04-08 13:48:51.80263	2021-04-08 13:48:51.80263
493	十卜	2010	潮語	0	2021-04-08 13:48:51.80263	2021-04-08 13:48:51.80263
494	屈機	2010	潮語	0	2021-04-08 13:48:51.80263	2021-04-08 13:48:51.80263
496	升呢	2010	潮語	0	2021-04-08 13:48:51.80263	2021-04-08 13:48:51.80263
497	XOXO	2010	潮語	0	2021-04-08 13:48:51.80263	2021-04-08 13:48:51.80263
498	你咁龜	2010	潮語	0	2021-04-08 13:48:51.80263	2021-04-08 13:48:51.80263
499	cfu	2010	潮語	0	2021-04-08 13:48:51.80263	2021-04-08 13:48:51.80263
500	放毒	2010	潮語	0	2021-04-08 13:48:51.80263	2021-04-08 13:48:51.80263
501	平行時空	2010	潮語	0	2021-04-08 13:48:51.80263	2021-04-08 13:48:51.80263
502	cam	2010	潮語	0	2021-04-08 13:48:51.80263	2021-04-08 13:48:51.80263
503	燈神	2010	潮語	0	2021-04-08 13:48:51.80263	2021-04-08 13:48:51.80263
504	裝逼	2010	潮語	0	2021-04-08 13:48:51.80263	2021-04-08 13:48:51.80263
506	mm7	2010	潮語	0	2021-04-08 13:48:51.80263	2021-04-08 13:48:51.80263
299	小鮮肉	2015	潮語	1	2021-04-08 13:48:51.80263	2021-04-08 13:48:51.80263
227	好重要所以要講三次	2016	潮語	5	2021-04-08 13:48:51.80263	2021-04-08 13:48:51.80263
474	sor	2011	潮語	7	2021-04-08 13:48:51.80263	2021-04-08 13:48:51.80263
463	u2	2011	潮語	8	2021-04-08 13:48:51.80263	2021-04-08 13:48:51.80263
495	O嘴	2010	潮語	1	2021-04-08 13:48:51.80263	2021-04-08 13:48:51.80263
427	IG	2013	潮語	5	2021-04-08 13:48:51.80263	2021-04-08 13:48:51.80263
454	脾液了	2012	潮語	1	2021-04-08 13:48:51.80263	2021-04-08 13:48:51.80263
409	ggapsong	2014	潮語	9	2021-04-08 13:48:51.80263	2021-04-08 13:48:51.80263
439	j圖	2013	潮語	29	2021-04-08 13:48:51.80263	2021-04-08 13:48:51.80263
375	TBT	2015	潮語	37	2021-04-08 13:48:51.80263	2021-04-08 13:48:51.80263
422	大檸樂	2013	潮語	1	2021-04-08 13:48:51.80263	2021-04-08 13:48:51.80263
465	巴打	2011	潮語	8	2021-04-08 13:48:51.80263	2021-04-08 13:48:51.80263
472	HBD	2011	潮語	18	2021-04-08 13:48:51.80263	2021-04-08 13:48:51.80263
476	豬扒	2011	潮語	1	2021-04-08 13:48:51.80263	2021-04-08 13:48:51.80263
128	BFF	2018	潮語	24	2021-04-08 13:48:51.80263	2021-04-08 13:48:51.80263
97	gchi	2019	潮語	13	2021-04-08 13:48:51.80263	2021-04-08 13:48:51.80263
421	bk	2013	潮語	3	2021-04-08 13:48:51.80263	2021-04-08 13:48:51.80263
432	Laugh Die Me	2013	潮語	60	2021-04-08 13:48:51.80263	2021-04-08 13:48:51.80263
426	Double May	2013	潮語	7	2021-04-08 13:48:51.80263	2021-04-08 13:48:51.80263
428	FB	2013	潮語	10	2021-04-08 13:48:51.80263	2021-04-08 13:48:51.80263
479	Hi Auntie	2010	潮語	24	2021-04-08 13:48:51.80263	2021-04-08 13:48:51.80263
480	lmao	2010	潮語	42	2021-04-08 13:48:51.80263	2021-04-08 13:48:51.80263
505	6299	2010	潮語	1	2021-04-08 13:48:51.80263	2021-04-08 13:48:51.80263
457	笑鳥	2012	潮語	45	2021-04-08 13:48:51.80263	2021-04-08 13:48:51.80263
443	firm	2012	潮語	9	2021-04-08 13:48:51.80263	2021-04-08 13:48:51.80263
452	dry	2012	潮語	2	2021-04-08 13:48:51.80263	2021-04-08 13:48:51.80263
183	Don't Vote for Lam Rice	2017	潮語	18	2021-04-08 13:48:51.80263	2021-04-08 13:48:51.80263
468	Hea	2011	潮語	23	2021-04-08 13:48:51.80263	2021-04-08 13:48:51.80263
438	A0	2013	潮語	24	2021-04-08 13:48:51.80263	2021-04-08 13:48:51.80263
492	o靚模	2010	潮語	3	2021-04-08 13:48:51.80263	2021-04-08 13:48:51.80263
10	Blackout Tuesday	2020	潮語	56	2021-04-08 13:48:51.80263	2021-04-08 13:48:51.80263
185	Show Me Your Love Rice	2017	潮語	54	2021-04-08 13:48:51.80263	2021-04-08 13:48:51.80263
425	A380	2013	潮語	13	2021-04-08 13:48:51.80263	2021-04-08 13:48:51.80263
461	拍謝	2011	潮語	2	2021-04-08 13:48:51.80263	2021-04-08 13:48:51.80263
354	Sorry for 1999	2015	潮語	22	2021-04-08 13:48:51.80263	2021-04-08 13:48:51.80263
437	mm	2013	潮語	4	2021-04-08 13:48:51.80263	2021-04-08 13:48:51.80263
91	Micro Influencer	2019	潮語	5	2021-04-08 13:48:51.80263	2021-04-08 13:48:51.80263
458	Laugh Bird	2012	潮語	37	2021-04-08 13:48:51.80263	2021-04-08 13:48:51.80263
483	幫緊你幫緊你	2010	潮語	2	2021-04-08 13:48:51.80263	2021-04-08 13:48:51.80263
451	請你繼續吹	2012	潮語	2	2021-04-08 13:48:51.80263	2021-04-08 13:48:51.80263
429	食蕉	2013	潮語	1	2021-04-08 13:48:51.80263	2021-04-08 13:48:51.80263
436	濕鳩	2013	潮語	1	2021-04-08 13:48:51.80263	2021-04-08 13:48:51.80263
405	你的樣子如何，你的命運也必如何	2014	潮語	6	2021-04-08 13:48:51.80263	2021-04-08 13:48:51.80263
442	hi-bye friend	2012	潮語	27	2021-04-08 13:48:51.80263	2021-04-08 13:48:51.80263
215	Goodest	2016	潮語	24	2021-04-08 13:48:51.80263	2021-04-08 13:48:51.80263
\.


--
-- Data for Name: initiate_words; Type: TABLE DATA; Schema: public; Owner: pj1
--

COPY public.initiate_words (id, idiom_id, initiate_words) FROM stdin;
1	1	小你個區
2	2	阿姨我不想努力了
3	2	食軟飯
4	2	求包養
5	3	哭𠹌佐
6	3	喊
7	4	siu4
8	4	笑死
9	5	世一
10	5	世界第一
11	6	simp
12	6	觀音兵
13	7	見字飲水
14	8	風林火山
15	9	Black Lives Matter
16	9	美國
17	9	抗議種族歧視運動
18	10	Blackout Tuesday
19	10	抗議種族歧視
20	10	抗議警暴
21	11	WFHF
22	11	Work From Home
23	11	在家工作
24	12	斷頭台
25	12	香港電台
26	13	曼德拉效應
27	13	錯誤記憶
28	14	底褲口罩
29	14	新冠肺炎
30	15	Staycation
31	15	旅遊
32	16	吊高你媽過海
33	16	DLLM
34	16	屌
35	17	奶茶聯盟
36	17	泰國
37	18	NMSL
38	18	你媽死了
39	19	nnevvy
40	20	車巴
41	21	Happy仔
42	21	微辣
43	22	炒罩
44	22	藥房
45	22	口罩
46	23	人地
47	24	紀巴
48	24	紀律部隊
49	25	消巴
50	25	消防員
51	26	WFH activity
52	26	Work from Home Activity
53	26	行山
54	27	邊爐家族
55	28	行山銀行
56	29	R.A.P.
57	29	R.I.P.
58	30	2盒thx
59	30	口罩
60	30	thanks
61	31	中玄毒
62	32	考第一
63	33	C9
64	34	加持
65	35	TB
66	35	Throwback
67	35	Tomboy
68	36	草管人命
69	36	菅
70	37	fc
71	38	fact check
72	39	自high
73	40	sls
74	41	jeng
75	41	正
76	42	汪阿Tag
77	43	裝修
78	44	偽黃
79	45	人血饅頭
80	46	攬炒
81	47	sfs
82	48	時代垃圾
83	49	發炎鉛筆
84	50	Fam j
85	51	黨鐵
86	51	港鐵
87	51	MTR
88	52	煲底
89	52	立法會
90	53	何已完
91	53	何君堯
92	54	LMK
93	55	DLLM
94	55	Diu Lee Lo Mo
95	55	屌
96	56	暴大
97	56	中文大學
98	57	接放學
99	58	落單
100	59	EmptyR
101	60	condom
102	60	用完即棄
103	61	TG
104	61	Tear Gas
105	61	Telegram
106	62	Green Object
107	63	攝衫
108	64	私了
109	64	獅鳥
110	65	撕紙狗
111	65	連儂牆
112	65	獅子狗
113	66	好人一生平安
114	66	長輩圖
115	66	感謝樓主大大的無私分享
116	67	炒車
117	68	錫春袋
118	69	popo
119	69	警察
120	70	和理非
121	71	銀髮族
122	72	堅離地
123	73	連儂牆
124	73	雨傘運動
125	73	反送中
126	74	樽鹽
127	74	尊嚴
128	75	Be Water
129	75	如水
130	76	自由hi
131	76	閪
132	77	記你老母
133	78	送頭
134	79	因航
135	79	CX
136	79	國泰航空
137	80	bfable
138	80	Boy Friend-able
139	80	男朋友
140	81	meme
141	82	Catch Up
142	83	賞花杏仁露
143	84	最後的童話
144	85	安心事件
145	85	許志安
146	85	黃心穎
147	86	壞左既人
148	86	許志安
149	87	小粉紅
150	87	愛國
151	88	obj
152	89	中二病
153	90	666
154	91	Micro Influencer
155	92	LM
156	93	oj
157	93	ok
158	94	gur
159	95	chur
160	96	焗腸
161	97	gchi
162	98	七日不見如隔一周
163	99	6uo
164	100	廢水
165	101	Sodiasm
166	102	Nancy
167	102	藍絲
168	103	tyft
169	104	stone
170	105	人頭豬
171	105	愛回家
172	105	蠢
173	106	法唔法國
174	106	發唔發覺
175	107	光棍節
176	108	FML
177	108	Fuck My Life
178	109	走大橋看珠西
179	110	係愛呀哈利
180	110	哈利波特
181	110	有愛
182	111	CLS
183	111	Chi Lun Sin
184	111	痴撚線
185	111	痴L線
186	112	最佳估算
187	113	leung leung
188	114	打毒針
189	115	望君嘗糞
190	116	毛粉
191	117	跳高女神
192	118	神奇小子
193	119	佛系
194	120	是咁的
195	121	專家Dickson
196	122	雜誌仔
197	123	大台
198	124	推友
199	125	黑人問號
200	126	宇宙最強
201	127	P圖
202	127	Photoshop
203	128	BFF
204	128	Best Friends Forever
205	129	粟米六粒飯
206	130	好緊火
207	131	塞車因為車多
208	132	喵星人
209	133	失意體前屈
210	134	Cal9lation
211	135	Latergram
212	136	尖啤
213	137	748
214	138	kam
215	139	懷疑人生
216	140	Fat fat la
217	141	邊間教會
218	142	Earth Vely Danger
219	143	素人
220	144	游生
221	145	火車頭
222	146	網紅
223	146	KOL
224	147	IT狗
225	147	科技
226	148	fol
227	149	壞過凱婷
228	149	食兩根煙
229	150	KOL
230	150	Key Opinion Leader
231	150	網絡紅人
232	151	圍爐打飛機
233	152	好雷
234	153	跳哂掣
235	154	gfable
236	154	Girl Friend-able
237	154	女朋友
238	155	OP
239	156	釣人食飯
240	157	釣我食飯
241	158	釣你食飯
242	159	極不無聊
243	160	天臨君下
244	161	帽事既
245	161	無事既
246	161	綠帽
247	162	Tree根二世
248	163	hihi
249	164	covfefe
250	165	阿明
251	166	課長
252	167	避閃
253	168	精神
254	169	HJ2Q
255	170	PTBF
256	170	Part Time boyfriend
257	171	PTGF
258	171	Part Time Girlfriend
259	172	沒有之一
260	173	邊度女平
261	174	生快
262	174	HB
263	175	777
264	175	林鄭月娥
265	175	柒柒柒
266	176	放閃
267	177	文生
268	178	林月鄭娥
269	179	講還講唔好貼圖
270	180	馬國明放假一天
271	181	上帝叫我
272	182	奶媽
273	183	Don't Vote for Lam Rice
274	183	豆腐火腩飯
275	183	男人的浪漫
276	184	男人的浪漫
277	184	豆腐火腩飯
278	185	Show Me Your Love Rice
279	186	服兵役
280	187	吹屎眼
281	188	吹水安
282	189	過大海
283	190	馬交
284	191	笨撚
285	192	Ga Yau
286	192	加油
287	193	女版689
288	194	張學友.jpg
289	195	燒山
290	195	蕭生
291	195	蕭若元
292	195	燈神
293	196	R.IP
294	196	葉劉淑儀
295	196	Regina Ip
296	197	ABC
297	198	掌心雷
298	199	蟲Can
299	200	侵侵
300	200	Donald Trump
301	200	美國總統
302	201	當奴侵
303	201	美國總統
304	201	Donald Trump
305	202	DQ
306	203	1999
307	203	講野一舊舊
308	204	Hangry
309	204	Hungry
310	204	Angry
311	205	梁38
312	206	議政時差
313	207	PPAP
314	208	Three C Meeting
315	209	應機
316	210	薯片叔叔
317	210	曾俊華
318	211	劍弩拔張
319	212	雞，全部都係雞
320	212	妓女
321	212	菜式
322	213	左膠
323	214	鄺體
324	215	Goodest English
325	215	Best
326	215	最好
327	216	I am the King
328	217	洪荒之力
329	218	心入面條蟲
330	219	口裡說不，身體卻很誠實
331	220	UM9
332	220	噏乜鳩
333	221	離地
334	222	Chill
335	222	Hea
336	223	核心外圍
337	224	我覺得自己是零
338	224	阿源
339	225	波撚
340	226	寶寶心裡苦，但寶寶不說
341	226	嚇死寶寶
342	227	好重要所以要講三次
343	228	SAS
344	229	ldm
345	229	Laugh Die Me
346	230	特事特辦
347	231	悔辱
348	232	李早
349	233	清泉
350	234	明張目膽
351	235	老司機
352	236	因龍航空
353	237	因快航空
354	238	jm9
355	238	做乜鳩
356	239	管理員
357	240	夜喇
358	241	隊bu池
359	242	關公災難
360	243	我見過！我真係見過！
361	244	真．
362	245	偽毒
363	245	坤哥
364	246	亞視永恆
365	247	有請小鳳姐
366	247	喜氣洋洋
367	247	慶祝
368	248	G
369	248	知
370	249	仙氣
371	250	Barcode勤‬
372	251	剩女
373	252	Burn Sell
374	253	老老竇竇
375	253	老老實實
376	254	龍蝦
377	255	內容農場
378	255	Content Farm
379	256	c6
380	257	唔得掂
381	258	照騙
382	258	Photoshop
383	258	美圖秀秀
384	259	CNMD
385	260	濕平
386	261	輸根
387	262	不要放棄治療
388	262	精神病
389	263	菲律賓博士
390	264	Eric Chan
391	265	chirs
392	266	有時真係忍唔住笑
393	267	心心眼
394	268	666666
395	269	鉛水
396	270	滾動
397	270	感動
398	271	暴力市民
399	271	Policeman
400	272	司法覆核
401	273	爽皮
402	274	愛情動作片
403	274	AV
404	275	use7less
405	275	無柒用
406	276	官到無求膽自大
407	277	jm
408	278	方東昇
409	279	Any肥
410	280	射射
411	280	謝謝
412	280	thanks
413	281	mola mola
414	281	無喇無喇
415	282	so9sad
416	283	404 not found
417	284	首先...
418	285	東方昇
419	286	Exact7ly
420	287	TGIF
421	287	Thank God It’s Friday
422	288	推倒
423	289	打丁
424	289	打J
425	290	娘娘
426	291	腦細
427	291	老細
428	291	Boss
429	292	D7689
430	293	konglish
431	293	港語
432	293	香港式英文
433	294	What 7 u say
434	294	你講乜7
435	295	is but
436	296	老老77
437	296	老老實實
438	297	土地問題
439	298	超然
440	299	小鮮肉
441	299	後生
442	299	年輕
443	300	脫毒
444	301	貓奴
445	302	sss
446	303	大媽
447	303	強國
448	304	負皮
449	304	負評
450	305	梳乎
451	306	萌
452	307	魚柳bell
453	308	蝦薯
454	309	Sor9ry
455	310	突破盲腸
456	310	突破盲點
457	310	重點
458	311	送禮勤
459	311	李克勤
460	311	曼聯
461	312	一男子
462	313	食好西
463	314	wwwww
464	314	XD
465	315	啪啪啪
466	315	性行為
467	315	扑野
468	316	小毒毒
469	316	毒撚
470	316	毒男
471	317	熟肉
472	318	生肉
473	319	娃娃舜
474	319	黃宏舜
475	320	娃舜天下
476	320	黃宏舜
477	321	愛字頭
478	322	女神
479	323	識條毛咩
480	323	識條鐵咩
481	323	識條春咩
482	324	識條春咩
483	324	識條毛咩
484	324	識條鐵咩
485	325	識條鐵咩
486	325	識條春咩
487	325	識條毛咩
488	326	觀音兵
489	327	廢中
490	328	貴姓呀陳生
491	329	sheshe
492	329	女同性戀
493	330	U seem like fun
494	330	Edison
495	331	壁咚
496	332	gathering
497	332	Coffee
498	332	殘廁
499	333	藍絲
500	333	雨傘運動
501	334	黃絲
502	334	雨傘運動
503	335	些牙
504	335	Share
505	336	廢青
506	337	毛孩
507	338	CD勤
508	338	李克勤
509	339	典解
510	339	點解
511	340	打耳
512	340	得意
513	341	毒撚
514	341	毒L
515	341	毒男
516	342	方丈
517	343	肯肯定
518	344	爽YY
519	344	爽歪歪
520	345	Tree Gun
521	345	鍾樹根
522	346	Tree根
523	346	鍾樹根
524	347	課金
525	348	括目相看
526	349	雞毛鴨蒜
527	350	紅都面哂
528	350	面都紅哂
529	351	19仔
530	351	濕鳩仔
531	352	Delay No More
532	352	屌你老母
533	352	DLNM
534	353	等埋發叔
535	353	遲到
536	354	Sorry for 1999
537	354	一鳩九舊
538	354	一舊舊
539	354	毒拎
540	355	毒撚
541	355	毒L
542	356	毒L
543	356	毒撚
544	356	毒拎
545	357	廢燉
546	358	公平咩
547	359	GG
548	359	Good Game
549	360	UASC
550	360	You are so cheap
551	361	慈母
552	362	sb
553	363	480
554	364	5g
555	364	唔知
556	365	講經
557	366	hehe
558	366	男同性戀
559	366	gay
560	367	ggebsong
561	368	FF
562	369	奶撻
563	370	有SO
564	370	着數
565	371	l4l
566	371	like for like
567	372	f4f
568	372	follow for follow
569	373	shoefie
570	374	ootd
571	375	TBT
572	375	Throwback Thursday
573	376	God use VPN
574	377	沒女
575	378	爆rp
576	379	msw
577	380	鳩嗚
578	381	人妻
579	382	科科
580	382	呵呵
581	383	KS
582	384	是咪
583	384	係咪
584	385	ching
585	385	c
586	385	師兄
587	386	jed
588	386	J
589	386	已射
590	386	J左
591	387	低頭族
592	388	倒抽一口梁氣
593	388	梁振英
594	389	cmg
595	390	九菜
596	391	kuso
597	392	賣飛佛
598	392	My favourite
599	392	我的最愛
600	393	灰機
601	394	88
602	394	Bye Bye
603	395	不能同意更多
604	395	Can't agree more
605	396	合皮巢
606	397	剝花生
607	397	隔岸觀火
608	397	等睇戲
609	398	914
610	399	無朋友
611	399	無人有
612	400	TMD
613	400	他媽的
614	400	Tā Mā De
615	401	洋蔥圈
616	402	689
617	402	梁振英
618	403	55
619	403	嗯嗯
620	404	厚多士
621	404	好多事
622	405	你的樣子如何，你的命運也必如何
623	405	your face your fate
624	406	kai
625	407	車頭燈
626	408	siu bao
627	409	ggapsong
628	410	nofilter
629	411	天文台
630	412	fd子
631	413	中女
632	414	睇L住
633	415	向左走向右走
634	415	撚
635	416	MCM
636	417	WCW
637	418	不該
638	419	wts
639	419	Whatsapp
640	420	親子王國
641	421	bk
642	421	Baby Kingdom
643	422	大檸樂
644	422	大件事
645	422	大撚鑊
646	423	nvm
647	423	Never mind
648	424	囧
649	425	A380
650	426	Double May
651	426	大波妹
652	427	IG
653	427	Instagram
654	428	FB
655	428	Facebook
656	429	食蕉
657	430	89078
658	431	金沙哈咪打
659	432	Laugh Die Me
660	432	笑死我
661	433	87
662	433	白痴
663	434	令女
664	435	5d
665	436	濕鳩
666	436	19
667	437	mm
668	438	A0
669	439	j圖
670	440	Why not both
671	441	dls
672	441	Diu La Sing
673	441	屌那星
674	442	hi-bye friend
675	443	firm
676	444	派膠
677	445	李氏力場
678	446	龍友
679	447	chok
680	448	燒你數簿
681	448	屌你老母
682	449	機車
683	450	硬膠
684	450	戇鳩
685	451	請你繼續吹
686	452	dry
687	453	中出
688	454	脾液了
689	455	禮義廉
690	455	民建聯
691	456	898
692	457	笑鳥
693	457	笑了
694	457	Laugh Bird
695	458	Laugh Bird
696	458	笑了
697	458	笑鳥
698	459	PS
699	459	Photoshop
700	460	小學雞
701	461	拍謝
702	462	飛釘
703	462	凸點
704	463	u2
705	463	You too
706	464	無奶油
707	464	無理由
708	465	巴打
709	465	brother
710	466	打邊爐
711	467	爛gag
712	468	Hea
713	469	頹
714	470	集郵
715	471	大西北
716	472	HBD
717	472	Happy Birthday
718	473	事業線
719	473	乳溝
720	474	sor
721	475	雙非
722	476	豬扒
723	477	超錯
724	478	躺著也中槍
725	479	Hi Auntie
726	479	伯母你好
727	479	屌你老母
728	480	lmao
729	480	Laughing My Ass Off
730	481	達人
731	482	潮文
732	483	幫緊你幫緊你
733	483	的士
734	484	潮語
735	485	毒男
736	486	港女
737	487	火星文
738	488	潛水
739	489	潮童
740	490	收皮
741	491	放飛機
742	492	o靚模
743	493	十卜
744	494	屈機
745	495	O嘴
746	496	升呢
747	497	XOXO
748	498	你咁龜
749	499	cfu
750	500	放毒
751	501	平行時空
752	502	cam
753	503	燈神
754	504	扮野
755	504	扮哂野
756	505	6299
757	505	老爺
758	506	mm7
\.


--
-- Data for Name: meanings; Type: TABLE DATA; Schema: public; Owner: pj1
--

COPY public.meanings (id, idiom_id, user_id, meaning) FROM stdin;
1	1	1	網民認為「小區」並非廣東話，Ben Sir笑指如果大家不喜歡「小區」，可以把它改為「小你個區」，就會馬上變為廣東話，輕易將外語變成母語。
2	2	1	「阿姨我不想努力了」是「食軟飯、求包養」的暗號，代表年輕男生不想努力，無心奮鬥，只想享受生活，願意放棄戀愛，以肉體換取生活富足。
3	3	1	讀音和意思都跟「哭撚咗」一樣，源於Facebook網絡紅人matt leung。
4	4	1	siu4是笑死的諧音。
5	5	1	世一為「世界第一」的簡寫。
6	6	1	Simp為「Simpleton」的縮寫，原指頭腦簡單的傻子，現指飢渴的男性，對心儀的女生無條件付出，心甘情願為她做任何事情，簡單來說就是「觀音兵」的意思。
7	7	1	近日不少網民在社交平台發「見字飲水」貼文，提醒各位多喝水補充水份，保持身體健康。社交平台Facebook及Instagram更出現了「見字飲水協會」專頁，每次出Post均會附上Hashtag「#見字飲水」。此外，藝人林日亦推出了專輯《見字飲水》，親自作詞作曲。\n\n相關連結：\nFacebook見字飲水協會\nInstagram見字飲水協會\n林日曦《見字飲水》
8	8	1	2020年6月25日多名防暴警察於一次行動中在制服上貼上有「風林火山」字樣的布章，警方指布章是用作提升團隊精神及士氣。\n\n「風林火山」原句為「其疾如風，其徐如林，侵掠如火，不動如山」，出自春秋戰國時期的《孫子兵法》。日本戰國時代甲斐國將領武田信玄每次出征都會帶著一面寫有「疾如風，徐如林，侵掠如火，不動如山」的軍旗。「其疾如風」的意思是軍隊行軍時迅疾如風，「其徐如林」指軍陣像樹林般井然有序，「侵掠如火」指進攻時像熊熊烈火般迅速蔓延，「不動如山」指防守時要像山嶽般屹立不搖。
9	9	1	Black Lives Matter簡寫為BLM，是一場起源於美國的抗議種族歧視運動。Black Lives Matter簡寫為BLM，中文可譯作「黑人的命也是命」或「黑人的生命同樣寶貴」。
10	10	1	美國非裔男子George Floyd在被扣押時被白人警員殺害，音樂產業2020年6月2日發起「暗黑星期二」（Blackout Tuesday）活抗議種族歧視和警暴，音樂串流平台Spotify亦有響應是次活動，網民亦紛紛於社交平台發佈一張黑色照片並留下hashtag #blackouttuesday 以表支持。
11	11	1	WFHF為「Work From Home Forever」的縮寫，即永遠在家工作的意思。
12	12	1	是指香港電台，香港電台在星期二宣佈暫時中斷頭條新聞，成為斷頭台。
13	13	1	特首林鄭會見傳媒時引述南非已故前總統曼德拉的名言「教育的崩潰足以摧毀一個國家」（The collapse of education is the collapse of the nation），後來網民發現這句說話並非出自曼德拉，而是出自一位不知名的大學教授。其後曼德拉基金會更認真地翻查逾1500篇曼德拉演辭的資料庫、曼德拉名言書籍及作品，但都沒有找到這句名言。其後有網民將曼德拉的照片隨機配上不同的字句，並以潮語「曼德拉效應」來諷刺林鄭錯誤引述曼德名言一事。\n\n「曼德拉效應」原本的意思是指一班沒有關聯的人不知甚麼原因對某件事物有著同樣的錯誤記憶，詳情可參閱這篇文章。
14	14	1	香港政府於2020年新冠肺炎爆發期間向全港市民派發可重用口罩CU Mask，因為外型像內褲所以被網民稱為「底褲口罩」或「內褲口罩」。
15	15	1	staycation是由「Stay（逗留）」及「Vacation（假期）」兩字組成，亦可以寫成「Stay-at-home vacation」，中文也可譯作「宅度假」，意思是逗留在家附近渡過悠閒假期。\n\n大家放假通常會出國旅遊，但在2020年新冠肺炎疫情期間不少國家都封關了，市民都無法再出國旅遊，Staycation一詞因而紅爆網絡。
16	16	1	與DLLM同義，出自Facebook網紅Matt Leung。
17	17	1	2020年nnevvy戰役爆發，中國小粉紅軍團於社交平台攻擊泰國網民，泰國、台灣及香港網民組成「奶茶聯盟 Milk Tea Alliance」抵抗。
18	18	1	「你媽死了」的諧音，用作侮辱對方。也可以配搭「NMSL, WSND, HIYZ」一起用，全句意思是「你媽死了，我是你爹，回家養豬」。
19	19	1	泰國男星Bright曾於KOL女友的社交平台貼文中留言稱她像個中國女孩，Nnevvy則回覆表示是台灣風格，引起中國網民不滿，亦有網民發現Nnevvy曾經轉發過提及「武漢肺炎」的文章。中國網民紛紛到Twitter以hashtag #nnevvy 攻擊Bright和Nnevvy，泰國網民亦同樣以hashtag #nnevvy 反擊中國網民，引發一場中泰大戰。其後越南、菲律賓等地的網民亦加入戰場，令戰役升級成一場國際大戰。
20	20	1	車巴是指有車的巴打。
21	21	1	Happy仔是微辣的吉祥物，以微辣CEO六豪子為藍本。
22	22	1	以高價炒賣口罩(尤其藥房)。
23	23	1	「人地」是指人地男朋友、人地女朋友、人地老公或人地老婆。常見於交友app，在個人資料頁寫上「人地」即表示已經有另一半。
24	24	1	紀巴是指任職紀律部隊的巴打，而任職紀律部隊的絲打可稱作紀絲。
25	25	1	消巴是指任職消防員的巴打，而任職消防員的絲打可稱作消絲。
26	26	1	Work from Home Activity的簡寫，指行山。
27	27	1	2020年武漢肺炎爆發期間，一個家族共19人相約打邊爐，其後當中11人確診感染武漢肺炎，邊爐家族是指這個家族。
28	28	1	指恆生銀行。
29	29	1	曾經有網民將R.I.P.錯打成R.A.P，被其他網民不斷引用，後來引申出「抵死」之意思。
30	30	1	2020年武漢肺炎肆虐，口罩嚴重短缺。由於政府無法解決口罩短缺問題，全港藥房、網店、民間組識、甚至時裝店、餐廳等等都紛紛從外國努力搜購口罩再於網上向市民出售，由於供應嚴重不足，所以一般會限制每人只可買2盒。市民只要在Facebook見到任何有口罩出售的帖子都會紛紛留言「2盒thx」，這些帖子通常會在極短時間內累積到數千甚至數萬個「2盒thx」留言。\n\n其他常見留言：\n「2盒 thanks」\n「2盒 謝謝」\n「2盒 好人一生平安」
31	31	1	韓劇《愛的迫降》大受歡迎，男主角玄彬俘虜了萬千女士的心，這個現像稱為「中玄毒」。
32	32	1	指特首林鄭月娥。
33	33	1	「師奶」的諧音。
34	34	1	「加持」是指有知名度高的人（如明星、政府高官等）去支持某件事。
133	133	1	指「Orz」，這個符號看起來像一個失意的人低頭跪倒在地上，表示失意的意思。
134	134	1	在Calculation(算數)中插入9字，即「算鳩數」。
35	35	1	TB是Throwback的簡寫，有復古、懷舊、以前的意思，在Instagram加上#TB hash tag即表示這張照片是舊照片。\n\nTB亦是Tomboy的簡寫，指打扮或行為舉止傾向男性化的女同性戀者。
36	36	1	指「草菅人命」。警方於記者招待會中將「草菅」兩字錯讀成「草管」，有網民因此以「草管人命」來諷刺警方。
37	37	1	Fact Check的簡寫。已經找到證據去證明一件事。
38	38	1	已經找到證據去證明一件事。相反，「未fc」是指未找到證據去證明一件事。
39	39	1	形容一個人自我陶醉，或自我情緒高漲，但旁人完全沒有反應。
40	40	1	SLS全名是Speech Level Singing，是一種唱歌方法，由世界頂尖聲樂大師Seth Riggs發明，不少著名歌手包括Michael Jackson米高積遜、麥當娜、王力宏、林俊傑、鄧紫棋都曾學習SLS唱法。\n\nSLS亦是Siu Lun Say（笑撚死）的簡寫，形容一件事極度好笑。
41	41	1	「正」的英文譯音。
42	42	1	Instagram內建標籤朋友功能，用家可以於相片中tag朋友。汪阿姐選擇不使用內建標籤功能，改以人手寫名的方式tag人，創造做出新的潮流，因而被稱為「汪阿Tag」。\n\n汪阿Tag可以用作汪阿Tag的代名詞，亦可用來形容汪阿Tag所創造的tag人方法。
43	43	1	2019年反送中示威中，不少商店在示威期間被破壞，這種破壞商店的行為被稱為「裝修」。
44	44	1	假冒黃絲或假冒黃店。
45	45	1	「人血饅頭」指抗爭者的鮮血。\n「吃人血饅頭」是指以抗爭者的鮮血來達至某些目的。
46	46	1	玉石俱焚，大家攬住一齊死的意思。
47	47	1	「Shout out for shout out」的縮寫，意思是於社交平台互相轉發對方的post，達至互相宣傳的效果。
48	48	1	時代垃圾是藍絲對黃絲的不尊重稱呼。
49	49	1	盛滿英女士在《禁止蒙面規例小組委員會公眾聽證會》中「發言完畢」的諧音。
50	50	1	Famous jj的縮寫，亦可寫成famj，意指於社交平台頗有名氣的人，跟KOL意思相近。
51	51	1	指港鐵。\n2019年6月至8月22日期間港鐵封閉大約30個站次，惟《環球時報》於8月22日批評港鐵開特別班次接載示威者離開屬「偏幫示威者」後，港鐵隨即封閉過百站次，再加上721和831事件，部分市民開始稱呼港鐵為「黨鐵」。
52	52	1	煲底是指金鐘立法會綜合大樓地下示威區。\n\n因為立法會會議廳建築外觀圓圓的，看起來電飯煲，所以位於其正下方的示威區被稱為煲底。
53	53	1	何君堯議員於2019年區議會選舉中落敗，網民以同音字「何已完」來諷刺何議員。
54	54	1	LMK是「Let me know」的縮寫，意思是「讓我知道」。
55	55	1	粗口Diu Lee Lo Mo（X你老母）的簡寫，跟「操你媽」及「幹你娘」意思一樣，實際上純粹用作罵人，或用作強調語氣。
56	56	1	指香港中文大學。
57	57	1	義載年輕人(特別是學生) 回家。
58	58	1	本來是指光顧餐廳時，顧客向侍應表明要叫餐牌上哪幾樣食物及飲品，然後侍應會用筆或電子手帳記下柯打。這裏的意思是指只剩一個人。
59	59	1	MTR的諧音，即港鐵。2019年10月5日港錢所有路線暫停服務，機場快綫、東鐵、輕鐵、港鐵巴士也不例外，網民因為稱MTR為EmptyR。
60	60	1	指作替死鬼或用完即棄。
61	61	1	TG是Tear Gas的縮寫，即催淚彈。\nTG亦可指Telegram，一種跨平台的即時通信軟體。
62	62	1	指穿綠衫的警員或穿綠衫的人。
63	63	1	將衫攝於褲子內。
64	64	1	私下解決某些事情，亦可寫成「獅鳥」。
65	65	1	網民以「撕紙狗」或「獅子狗」來諷刺在連儂牆撕紙的人。
66	66	1	經常出現於長輩圖的長輩用語。
67	67	1	一些人誤信謠言而發表某些言論，其後謠言被澄清，這個情況稱為「炒車」。
68	68	1	事源係之前有班黑社會打人，然後班網民話下次再係咁，就踢佢哋個春袋，然後有個手殘連登仔，將踢打錯做錫，之後有人講就算錫春袋都唔會割蓆。
69	69	1	popo是指警察。PO兩字取自警察的英文全寫Police Officer，80年代美國南加州有一批警察經常身穿背面印有「PO」兩個大字的制服，兩人一組巡邏，市民走在他們背後會見到POPO四字，因此警察被稱為POPO。
70	70	1	和平、理性、非暴力的縮寫。\n\n近年開始演變出另一個詞「和理非非」，是指和平、理性、非暴力、非粗口。
71	71	1	指頭髮顏色介於黑色和白色之間的人，即55歲以上的長者。
72	72	1	指某個人的想法不切實際，脫離事實。
73	73	1	2014年雨傘運動期間，市民將民主普選寫在彩色memo紙上並貼在牆上，這幅貼滿memo紙的牆被稱為連儂牆。\n\n2019年反送中示威期間，連儂牆再度出現並散佈於香港各區。
74	74	1	尊嚴的楷音。
75	75	1	Be water是李小龍的名言。2019年反送中示威期間，示威者以Be water互相提醒大家要像水一樣能進能退，能聚能散，除了能像洪水般洶湧而至，亦要可以像潮水般迅速撤離。\n\n中文可寫作「如水」。
76	76	1	「自由閪」的諧音，指追求自由的人。
77	77	1	2019年反送中示威期間有記者向警察表明身份指自己是記者，該警員隨即向他大喝「記你老母」。\n\n事後警務處處長於記者會上表示他從來對傳媒是最客氣和最有禮貌的，在場記者聽罷都不禁竊笑。當被問及警員以粗言穢語喝罵記者，警務處處長稱講粗口是不對的，如果真有警員講粗口的話會回去加強訓練。該次記者會被網民戲稱為「記你老母記者會」或「記你老母會」。
78	78	1	送頭是指故意去送死，常見於網路遊戲。
79	79	1	指國泰航空。據聞某份香港著名報章每逢有國泰航空負面新聞傳出，便會以「因管理不善而在全球最佳航空公司排名榜節節下跌的國泰航空」作為新聞開端，網民因此以「因航」來稱呼國泰航空。
80	80	1	「Boy Friend-able」的縮寫，用來形容一些適合做男朋友的男生，一般形容有魅力的男人。
131	131	1	前立法會議員鄧家彪在Facebook發帖稱「上水大塞車是因為車多關係」，不少網民認為這句話是廢話。自此網民開始以「塞車因為車多」這句話來諷刺鄧先生。
81	81	1	meme是指一些不斷被模仿、複製再轉載的事物，一般指網路上被廣泛轉載而爆紅的事物，可以是一些搞笑圖片、影片，也可以是一些手勢。meme中文可以譯作「模因」、「迷因」或「梗」。
82	82	1	Catch Up的中文是「出來聚聚」或「保持聯絡」，亦可以指「趕上進度」。
83	83	1	警方名言「上返行人路」的諧音。
84	84	1	黃子華曾說許志安與鄭秀文是最後的童話，結果許志安卻因爲出軌而令童話破滅。自此網民以「最後的童話」來暗示一段感情可能並非如想像中美滿。
85	85	1	指藝人許志安與黃心穎於2019年4月的偷食事件。\n\n2019年4月，馬國明女友黃心穎與鄭秀文太太許志安於的士內親熱的影片流出，轟動全城。當晚許志安開記者招待會解釋事件，十多萬網民於網上觀看直播。
86	86	1	形容失去靈魂、迷失自我的人。
87	87	1	小粉紅是指愛國的中國青年，他們活躍於網絡世界。每當網絡上出現辱華言論，他們就會出征。
88	88	1	obj是object的簡寫，指某位警員或某個人。例如Green obj是指Green Object，即穿綠衫的人。Yellow obj是指Yellow Object，即穿黃衫的人。
89	89	1	形容自我中心的人，經常以為自己才是對的。這些人常急於表達自己，想表現出與眾不同。
90	90	1	指很棒，很厲害的意思。
91	91	1	又稱Micro KOL或MI。指有一定數量忠實粉絲，但名氣不及KOL的人。
92	92	1	即「留名」，常見於討論區。
93	93	1	即「ok」。因為經常有網民將ok錯打成oj，所以現在不少人都故意打成oj。
94	94	1	服氣的意思。「唔gur」即唔服氣，條氣唔順的意思。\n\ngur亦可以寫成「啹」。
95	95	1	很趕急，沒有時間透氣。亦可指某人要求另不半無時無刻陪伴在身旁，想要霸佔對方的一切。
96	96	1	「局長」的諧音。
97	97	1	gchi，亦可寫作G持，為「支持」的諧音。
98	98	1	由「一日不見如隔三秋」改良而成，原句的意思為只是一日沒有見面卻好像三年沒見過一樣，比喻度日如年的心情，常用於對朋友或戀人的思念。\n\n如此有詩意的經典名句經網友改良後，便成了廢話。「七日不見如隔一周」意思是七日沒有見面，就像一周沒見過一樣，講左等於無講。
99	99	1	跟「on9」意思一樣，把6uo倒轉來看就是on9。
100	100	1	「廢水」一詞起源於澳門，是指高糖份飲品，例如珍珠奶茶、水果茶等台式手搖飲品。
101	101	1	「掃地阿嬸」的諧音。
102	102	1	「藍絲」的諧音。
103	103	1	tyft是「Thank you for Tag」的簡寫意思為「感謝你tag我」，常見於社交平台。
104	104	1	好似飲醉酒咁，個腦wing咗。
105	105	1	TVB劇集《愛回家》中的角色大小姐經常以「人頭豬」來形容他的秘書，意思是指她雖然有著一顆人頭，看似是人但實際上是一頭豬，簡單來說就是說她像豬一樣蠢。
106	106	1	法唔法國是「發唔發覺」的諧音。
107	107	1	11月11日，阿里巴巴等商家發起的購物節。
108	108	1	「Fuck My Life」的縮寫，意思是天呀，我怎麼這麼命苦。
109	109	1	前特首梁振英先生在港珠澳大橋開通後稱會組織法師生「走大橋，看珠西」。由於「珠西」跟「豬西」的發音相近，此潮語因為被網民大量轉發而爆紅。
110	110	1	電影哈利波特中的一句對白，用來形容很有愛的事。
111	111	1	CLS是粗口Chi Lun Sin（痴撚線）的簡寫，意思是指某人的言行舉止極度不正常。\n\nCLS亦可以是Comment、Like、Share的簡寫，常見於Youtube、Facebook等社交平台，KOL叫大家CLS即是希望大家留下訊息、讚好及分享影片。
112	112	1	「目標」的另類說法，網民藉此諷刺林鄭。
113	113	1	「娘娘」的英文譯音。
114	114	1	來自TVB劇集《我們的天空》末段「本是同根生，何必打毒針」對白，意思是在別人背後說三道四、以虛構的事實歸責他人，志圖貶低他人對其觀感。
115	115	1	其實即係食屎啦你既另外一個講法。
116	116	1	毛粉在香港和內地有兩種不同的意思。在香港，毛粉是指毛記的粉絲。在內地，毛粉是指毛澤東的粉絲。
117	117	1	指香港跳高運動員楊文蔚Cecilia，2016年起成為香港跳高女子紀錄保持者，因為比賽成積優秀且樣子甜美而被網民稱為跳高女神。
118	118	1	指香港桌球一哥傅家俊，當年憑藉身為第一華人於英國的職業賽事取得佳績而被稱神奇小子。\n\n近年香港拳手曹星如Rex亦被稱為「神奇小子」，職業生涯至今保持不敗，至2017年已錄得22連勝，因其輝煌戰積而被網民稱為神奇小子。
119	119	1	佛系就即係唔爭仔唔爭女、唔爭名遂利同唔打扮，信緣分啲嘢就到手
120	120	1	意思跟「是這樣的」一樣，通常用作開場。
121	121	1	專家Dickson是毛記旗下的一名藝員。
122	122	1	指雜誌《100毛》。蔣麗芸議員與林日曦拍攝電視節目《跟住矛盾去旅行》時說過「你嗰本咁嘅雜誌仔就釘啦！睇佢捱到幾耐，威到咁喎真係！」。\n\n2018年毛記上市首天市值逾20億，而蔣麗芸家族創辦的震雄集團市值只有14億。自此網民以「雜誌仔」來諷刺蔣麗芸議員狗眼看人低。
123	123	1	指TVB。TVB是香港電視台中的龍頭，因此被稱為大台。
124	124	1	指推特（Twitter）用户。
125	125	1	指網上流傳的一張的照片，照片中黑人露出莫名其妙的表情，旁邊有幾個問號。
126	126	1	指武打巨星甄子丹先生。
127	127	1	P是修圖軟件Photoshop的縮寫，P圖就是指用修圖軟件來為相片作後期加工，使用任何修圖軟件作後期加工也可以稱為P圖。
128	128	1	BFF是「Best Friends Forever」的縮寫，即「友誼永固」。
129	129	1	「粟米肉粒飯」的諧音。也可以用來形容物價高漲，餐廳食物的份量一日比一日少，昔日的粟米肉粒飯只剩下粟米六粒（或六粒飯）。
130	130	1	「好緊火」是指有急切性的生理需要。
132	132	1	貓的另類叫法。
342	342	1	形容器量狹小的人。\n\n此潮語出自周星馳電影《食神》。
135	135	1	常見於Instagram的hashtag。在Instagram貼文中加上#latergram hashtag是指這張照片不是今天拍的，而是早幾天拍的，只不過到現在才分享。
136	136	1	「Dream Bear」的諧音，指劉夢熊先生。
137	137	1	國語「你去死吧」諧音。
138	138	1	好kam有兩個意思，可以用來形容一個人很奇怪，亦可以指一件事很尷尬。
139	139	1	「懷疑人生」是指因遇到重大打擊或認為事情發展不符合常理，令人生觀產生巨大改變。
140	140	1	「發發啦」的諧音，意思是「發達啦」。
141	141	1	不少傳統詩歌的歌詞都唔岩音，所以網民以「邊間教會」諷刺一些唔岩音的歌詞。
142	142	1	專家Dickson主唱的歌曲，歌詞極具本地風格，推出一天已登上iTunes榜首及KKBox歐美流行榜第4位。
143	143	1	素人是指沒有經驗的外行人。政治素人則指從來沒有參選過立法會或區議會的新人。
144	144	1	游生是TVB藝人袁文杰於劇集「不懂撒嬌的女人」中的角色名字。由於袁文杰於劇集中的角色深入民心，大家都習慣了以游生來稱呼他。
145	145	1	指一邊走一邊吸煙的人士。
146	146	1	「網絡紅人」的簡稱。
147	147	1	IT人以此自嘲，暗指IT職位不受尊重，加班情況嚴重，做到隻狗咁。
148	148	1	fol為「follow」的簡寫，有追蹤的意思，一般指社交平台的「追蹤」功能。
149	149	1	潮語「壞過凱婷」起源於自一篇網絡潮文，文中內容主要是一位中學生指責另一位同學不算壞學生，其中一個原因是她無法連續吸食兩根煙，發文者更自信地指出自己跟「凱婷」才是全班最壞的學生。網民自此以「壞過凱婷」來指責別人很壞或諷刺別人扮壞。
150	150	1	關鍵意見領袖 Key Opinion Leader 的縮寫，簡單來說就是網絡紅人。
151	151	1	成班人圍埋一齊活在自己的世界裡自high，但實情人地覺得呢班人好on9
152	152	1	形容一個人打機很廢，拖累隊友。
153	153	1	形容一個人很生氣。
154	154	1	「Girl Friend-able」的縮寫，用來形容一些適合做女朋友的女生，一般指有仙氣、漂亮的女生。
155	155	1	「Over Power」的縮寫，意思是指某人太強了。
156	156	1	藝人吳業坤誤把「約人食飯」打成「釣人食飯」，從此「釣人食飯」便成了潮語。
157	157	1	藝人吳業坤誤把「約人食飯」打成「釣人食飯」，從此「釣人食飯」便成了潮語。
158	158	1	藝人吳業坤誤把「約人食飯」打成「釣人食飯」，從此「釣人食飯」便成了潮語。
159	159	1	立法會議員張華峰於2017年6月7日，在反對議案時表示此議案為「極不無聊」。其後，毛孟靜議員便解釋「極不無聊」的意思為「極有意義」。
160	160	1	立法會議員張華峰於6月7號就689 UGL事件想說「君臨天下」，但錯讀成「天臨君下」。
161	161	1	發音跟「無事既」相近，表面上是指沒有事情發生，不過「帽」字含有戴綠帽的事，暗指你可能戴綠帽了，即你的另一半出軌了。
162	162	1	立法會議員張華峰喺6月7號嘅UGL事件彈劾689，佢讀稿時就好似民建聯前議員鍾樹根上左佢身，照稿讀撰文就讀「選文」。
163	163	1	指「仆街」。
164	164	1	由美國總統侵侵發明的新字，跟coverage意思相同。想打coverage但手指不夠長的時侯就會打成「covfefe」。
165	165	1	黎明於NESCAFÉ廣告中的角色名字。
166	166	1	形容經常課金的玩家。
167	167	1	因「放閃」一詞而來，意指不去看任何羡煞旁人的相片。
168	168	1	潮語「精神」用作表達開心及興奮的心情。
169	169	1	用手連續進行了兩次自瀆。
170	170	1	「Part Time boyfriend」的簡寫，即出租男友。PTBF將自己出租給客人，與客人成為短暫的情侶。
171	171	1	「Part Time Girlfriend」的簡寫，又名出租女友。這些女孩將自己出租給客人，陪客人行街、拖手、睇戲、食飯。
172	172	1	「最」的意思。
173	173	1	意指邊度平D，與囡囡無關。
174	174	1	「生日快樂」的簡寫。
175	175	1	777，又名「柒柒柒」，指香港特首林鄭月娥 (註：林鄭月娥以777票當選第五屆行政長官)。
176	176	1	情侶於公開場合中展現甜密舉動，羡煞旁人。
177	177	1	文生由於經常在蘋果日報Facebook專頁留言，引起網民注意，因而成為網絡紅人。
178	178	1	解林鄭月娥。自從林鄭月娥施捨500元予乞丐後，排頭村的乞丐數目就一直上升，有居民把「林鄭月娥」的名字唸成「林月鄭娥」，指「林月鄭娥累街坊」。
179	179	1	指某人的外表不堪入目。
180	180	1	有報章以「大馬羽球賽李宗偉奪冠，馬國明放假一天」作標題。原指馬來西亞明天放假一天，但被不少網民看成「馬國明」放假一天。自此，每當李宗偉有機會奪冠時，網民就會笑指馬國明又可以放假。
181	181	1	林鄭月娥宣佈參選行政長官時宣稱「上帝叫我參選」。
182	182	1	指林鄭月娥。
183	183	1	指豆腐火腩飯。網民認為曾俊華落區到屋邨吃豆腐火腩飯，是想表現親民的一面，希望選委不要將票投給林鄭，因此豆腐火腩飯被稱為「Don't Vote For Lam Rice」。\n\n「豆腐火腩飯」的讀音亦與「Don't Vote For Lam Rice」相近。
184	184	1	指豆腐火腩飯。
185	185	1	指粟米肉粒飯。
186	186	1	指心甘情願當娘娘的觀音兵。
187	187	1	澳門特首崔世安2009年宣誓時以不純正的普通話讀出自己名字時被網民誤聽為「吹屎眼」。
188	188	1	澳門特首崔世安名字的諧音。
189	189	1	香港人去澳門需要搭船，因此會稱去澳門為「過大海」。
190	190	1	澳門Macau的諧音。
191	191	1	澳門特首崔世安2009年宣誓時以不純正的普通話讀出「本人」時被網民誤聽為「笨撚」。
192	192	1	「加油」的英文譯音。
343	343	1	非常肯定的意思。\n\n此潮語由鍾樹根議員發明。
193	193	1	指葉劉淑儀。葉劉淑儀的行事作風與689相近，而她亦想參選特首，因而被稱為女友689。\n\n葉劉淑儀一直以來都大力推銷23條，因此亦被網民稱為「666 + 23」或「23條惡魔」。
194	194	1	指「食屎啦你」。
195	195	1	指蕭生（蕭若元先生）。蕭生於時事專欄「最新蕭析」數次錯估形勢，被網民稱為「燈神」。
196	196	1	葉劉淑儀議員英文名Regina Ip的英文縮寫。
197	197	1	「Anyone But CY」的縮寫，意思是指任何人當選特首都好，只要不是CY就行。原因是外界普遍認為CY是歷來表現最差的特首，經常以語言偽術誤導市民，不斷分化社會，相信沒有人會比CY更差。
198	198	1	掌心雷是指老人家於立法會或區議會投票時手持一張印有侯選人名字及號碼的卡片，主要是因為老人家記性不好，讓他們投票的人怕他們記不住投票對象的姓名。
199	199	1	指浸會大學裡的其中一間canteen，因為食物中不時有昆蟲夾雜其中而被稱為「蟲Can」。
200	200	1	網民為美國總統Donald Trump改的花名。\n註：「Trump」的發音與「侵」相近。
201	201	1	美國總統Donald Trump的中文譯名。
202	202	1	DQ為「Disqualify」的縮寫，意思是被取消資格。
203	203	1	說話不清晰，詞不達意，講野一舊舊。
204	204	1	Hangry是Hungry與Angry的混合字，表達又餓又嬲的情緒。
205	205	1	梁君彥議員於2016年立法會主席投票中取得38票，因而被網民稱為「梁38」。
206	206	1	於2016年立法會新界東(有線電視)論壇中，工黨張超雄問新民黨參選人容海恩是否支持興建特殊學校，容表示支持。之後，張質問容，為什麼在區議會內，新民黨的區議員會反對興建等特殊學校，但容為何在立法會選舉表示支持。之後，容小姐說，新民黨意見有出入，區議會同立法會有議政時差。
207	207	1	PPAP是紅遍全球的網絡神曲，全曲只有幾句歌詞。\n\n歌詞：\nI have a pen. I have an apple. Uhh! Apple pen.\nI have a pen. I have pineapple. Uhh! Pineapple pen.\nApple pen, pineapple pen… Uhh! Pen-pineapple-apple-pen. Pen-pineapple-apple-pen.
208	208	1	中文名稱為「三司會議」，指由政務司司長、財政司司長及律政司司長每周舉行一次的恆常會議。\n\n此潮語由香港特首梁振英先生發明。
209	209	1	於Whatsapp、Line等即時通訊軟件回應別人的訊息。
210	210	1	財政司司長曾俊華因為貌似品客薯片的品牌標誌，被網民稱為薯片叔叔（或品客叔叔）。
211	211	1	成語「劍拔弩張」的另類寫法，形容局勢緊張，戰事一觸即發。此另類寫法出自張國鈞議員，張議員亦因此被譽為Tree Gun接班人。
212	212	1	1. 形容所有菜式都是以雞為主。\n2. 形容所有女性都是妓女。
213	213	1	即不現實左翼分子，他們思想和行為膠化，故此得名。如盲目鼓吹包容大陸人；視社運為生意而不敢在抗爭手法上有所突破，甚至騎劫集會、篤勇武抗爭者的灰。
214	214	1	指民主黨議員兼作家鄺俊宇獨有的寫作風格，其特色之一為濫用逗號。
215	215	1	「Best」的另類寫法，指「最好」的意思。\n\n可以用「Goodest English」來諷刺某人的英文水平差。
216	216	1	指「我就是王」。
217	217	1	天地初開之時，曾經出現過一場滔天大洪水，洪水淹沒整個大地，幾乎滅絕人類。「洪荒之力」就是指這種足以毀滅世界的最強力量。
218	218	1	2014年10月「七警事件」其間，TVB報道該事新聞的「拳打腳踢」一詞被刪走。網上流傳一段錄音，疑似是無綫新聞及資訊部總監袁志偉因使用「拳打腳踢」一詞而斥責TVB新聞工作者，還質疑下屬是否涉事警員「心入面條蟲」。\n\n「心入面條蟲」指一個人對另一個人很熟悉到能了解其想法，猶如一名解析想法的人。
219	219	1	指一些人的言語和的行為有矛盾。
220	220	1	「噏乜鳩」的諧音。\n當聽不懂對方的說話時，暗示對方再說清楚一點。
221	221	1	泛指一些人的想法或行為，尤其為官二代或太子黨的兒子，是脫離普羅大眾，不吃人間煙火，不知民間的疾苦，就如他們雙腳離地，在太空中一樣。
222	222	1	Chill是指慵懶隨意、悠閒或舒適自在，跟Hea意思相近。
223	223	1	出自黎明金句「核心嘅外圍係核心嘅內圍」。\n\n2016年黎明於中環海濱活動空間舉行演唱會，大會選用的中國帳篷不符消防安全規定被迫拆掉，黎明多次為事件向公眾道歉，其勇於承擔、不推卸責任的態度，跟政府官員形成強裂對比，深得市民欣賞。\n\n拆掉帳篷後，場外亦能清楚聽到黎明的歌聲，大批市民專程到場外欣賞黎明演出，場外亦因而有「核心外圍」之稱。尾場演唱會當晚更有數千人聚集於場外，核心外圍比核心內圍更熱鬧。
224	224	1	宅男阿源的金句，意思是覺得自己一無是處。
225	225	1	波撚是指熱愛玩波的人。熱愛籃球的人可稱作籃波撚或籃球撚，熱愛足球的人也可稱作足波撚或足球撚。
226	226	1	中國藝人王寶強於節目「奔跑吧！兄弟」中說了一句「嚇死寶寶了」，然後網絡上就開始陸續出現各式各樣的「寶寶」系列潮語。其中較為人熟悉的有「寶寶難過，但寶寶不說」、「寶寶心裡苦，但寶寶不說」等。
227	227	1	為了讓對方記住重要的事，將說話重覆講三次。
228	228	1	由循道中學3名中學生演繹的三角形「洗腦歌」，歌曲不斷重複「SAS，SSS，ASA，AAS」四句歌詞，短片上載不足一天已得到逾70萬網民觀看。\n\nSAS是繼「亞視永恆」之後另一首紅爆全港的歌曲。\n\n短片連結：http://fb.com/methodistcollege.secrets/videos/821627624638041/
229	229	1	港式英語「Laugh Die Me」的簡寫，「笑死我」的意思。
230	230	1	以特殊的方式處理特殊的事。\n\n梁特首要求機場職員將行李交給禁區內的女兒，雖然特首稱此事並無「特事特辦」，但其後有多名記者及市民嘗試以同樣方式處理行李，均被職員拒絕。似乎只有特首才能此方法將行李送入禁區，因為有網民認為「特事」亦可解作「特首事」。
231	231	1	源於鍾樹根將「侮辱」一詞錯講成「悔辱」。詞思與「侮辱」一樣，指做一些東西令到他人名譽受損。
232	232	1	網民為李國章改的花名。
233	233	1	清泉是指純品、清純、未被污染的人，可以指男生亦可以指女生。
234	234	1	源於鍾樹根將「明目張膽」錯講成「明張目膽」。詞思和成語「明目張膽」相同，即公開放肆地做某一樣東西。
235	235	1	「老司機」是指在某些方面資歷老到、經驗豐富、見識廣博的人。
236	236	1	指國泰港龍航空，被因航收購後得名。
237	237	1	指香港快運航空，被因航收購後得名。
238	238	1	「做乜鳩」的諧音。
239	239	1	只一些自稱是管理員，但沒有任何管理員證件，只穿著一件印有「管理員」三字的外套的人。
240	240	1	下一句是「瞓啦柒頭」，叫對方不要再做愚蠢的事。
241	241	1	「對不起」的國語讀音。
242	242	1	家陣D人興將「公關災難」調轉講成「關公災難」，兩個詞語意思一樣。
243	243	1	強調見過一些自認為很了不起的事，但在別人眼中只是雞毛鴨蒜的小事。
244	244	1	將「真」字加在名詞前面，有「真正」的意思。\n例如「真．何韻詩」代表真正的何韻詩本人，而不是假扮的。
245	245	1	又稱「偽毒男」，指那些明明不是毒男卻又自稱毒男的人。
246	246	1	於毛記電視勁曲金曲上榜超過30星期，並奪得第一屆十大勁曲金曲第一位的名曲，由真‧河國榮主唱。\n\n其歌詞「亞視會永遠都存在」深入民心、家傳户曉。
247	247	1	表示有值得高興的事發生，要唱「喜氣洋洋」慶祝。
248	248	1	「知」的諧音。
249	249	1	形容美得超凡脫俗，像仙女般有氣質的女生。
250	250	1	香港歌手李克勤的花名。
251	251	1	指已經過了適婚年齡，卻仍然未結婚的女性。
252	252	1	「燒賣」的英文寫法。
253	253	1	「老老實實」的另類寫法。
254	254	1	指特首梁振英夫人唐青儀。
255	255	1	內容農場(Content Farm)是指以大量誇張標題、翻譯文章、失實內容、沒有參考價值的文章取得大量流量而賺取廣告費的網站。
256	256	1	指丈夫。\n註：c6是「死佬」的諧音。
257	257	1	網民為吳克儉局長改的花名。亦可以寫成「吳得掂」。
258	258	1	經Photoshop、美圖秀秀等軟件美化過的照片。
259	259	1	「操你媽的」的英文縮寫。
260	260	1	「Shopping」的諧音。
261	261	1	鐘樹根議員的最新花名。
262	262	1	暗示一個人有精神病。
263	263	1	指一些懷疑以不正當方式於短時間內極速取得博士學位的人。
264	264	1	指Facebook Page管理員。
265	265	1	指鐘樹根博士。
266	266	1	梁國雄議員在2015年勞動節酒會向行政長官梁振英示威請願，為市民爭取全民普選及全民退休保障後被遂離場。梁國雄被逐離場後，梁振英冷笑兩聲後說：「有時真係忍唔住笑」。有市民認為梁振英太過份，指出梁振英在2012年參選特首時曾向市民承諾推行全民退保，現在卻把全民退保當成笑話。\n\n這件事件發生後，每當梁振英或他的家人做錯事出醜時，就會有大批網民在社交網站留下「有時真係忍唔住笑」這句話，藉以諷刺梁振英。
267	267	1	看到喜歡的東西後出現雙眼變成心型的表情符號。
268	268	1	起源於大陸，「溜」的諧音。指某人很厲害，與「屈機」及「OP」意思相近。
269	269	1	含鉛量超標的食水。
270	270	1	感動的意思。
271	271	1	與「Policeman」的普通話發音近似。
272	272	1	特首梁振英稱司法覆核令青馬大橋替代路延遲施工，市民認為這是藉口，施工延遲的真正原因是因為政府施政失敗，如果政府政策正確的話根本就不需要提出司法覆核。\n\n繼「等埋發叔」及「睇國旗」後，「司法覆核」成為最新的推卸責任藉口。
273	273	1	很爽的意思，跟「爽歪歪」意思相同。
274	274	1	同時包含愛情及動作元素的影片。
275	275	1	「無柒用」的港式英文寫法。
276	276	1	古有陳白崖「人到無求品自高」，今有林鄭月娥「 官到無求膽自大」。林鄭月娥解釋指她有膽承認制度有不足，有膽指出鉛水事件被政治化，有膽冒着被批評護短的風險為公務員討回公道。
277	277	1	指「姊妹」。Jie Mei是姊妹的普通話拼音，而jm則是Jie Mei的簡寫。
278	278	1	無線電視節目《世界零距離》的主播。由於他的名字與毛記電視人氣主播「東方昇」相近，因而引起網民關注。加上方東昇不斷以獨特的風格在節目中搞爛gag，令其人氣直線急升，受歡迎程度甚至可以和東方昇相媲美。「方東昇」亦因此成為「搞爛gag」的代名詞。
279	279	1	「Anyway」的諧音。
280	280	1	「謝謝」的普通話讀音。
281	281	1	「無喇無喇」的諧音。
282	282	1	在「sosad」中插入助語詞「9」以加強語氣，也可以寫成「so7sad」。
283	283	1	指Facebook。
284	284	1	「首先...」是「首先你要有個女朋友」的簡寫，亦可寫成「Firstly」。
285	285	1	毛記電視的主播之一，以愛國聞名。\n東先生獨特的「爆缸包頭」招牌造型深入民心，其名字「東方昇」亦因此成為「爆缸包頭」的代名詞。
286	286	1	將助語詞「7」融入「Exactly」之間以加強語氣。
287	287	1	「Thank God It’s Friday」的簡寫，意思是「感謝神，終於來到星期五了！」。網民以TGIF來表示自己為週末的來臨而感到興奮。
288	288	1	男生把女生推倒在地上(或床上), 然後進行性行為。
289	289	1	「打J」的另類寫法。因為「丁」與「J」字型相似, 所以網民常以丁字來取代J字。
290	290	1	娘娘, 又稱觀音娘娘, 指喜歡收觀音兵的女生。\n\n娘娘善於吸引男生, 讓對方對自己無條件付出, 社會上更出現了「收兵好過嫁人」的說法。
291	291	1	「老細」的諧音, 員工對老闆的稱呼。有解釋指老闆被稱為「腦細」是因為老闆的腦袋通常都比較細。\n\n「腦細」亦是100毛創辦人林日曦的花名。
292	292	1	「Diu 7 689」的簡寫。
469	469	1	委靡不振、敷衍
293	293	1	指港語, 又名香港式英文, 是一種帶有濃厚廣東話特色的非正統英文, 如Sor9ly, what 7 u say, is but等等, 通常只有香港人才會看得懂。
294	294	1	「What 7 u say」是「你講乜7」的英文寫法。
295	295	1	「是但」的英文寫法。如果想加強語氣, 可以寫成「is L but」, 即「是L但」。
296	296	1	「老老實實」的諧音。
297	297	1	行政長官梁振英先生於立法會答問會上表示護老院出現虐老事件，是因為香港土地供應不足。\n\n「土地不足」自此成為世人推卸責任的藉口。
298	298	1	對於「超然」這個詞語, 社會上有多種不同解釋。有學者指「超然」的意思是對問題所持的觀點及態度超脫世俗。亦有學者解釋指其意思為異於平常人, 高超出眾。\n\n註: 中聯辦主任張曉明指行政長官超然於行政、立法及司法三權之上。行政長官梁振英先生其後表示同意自己地位超然。
299	299	1	指年輕、俊俏的男性。
300	300	1	脫離毒男的行列。
301	301	1	愛貓人士為愛貓提供全天候服侍的五星級服務, 就像奴隸一樣, 所以被稱為「貓奴」。
302	302	1	「屎」的諧音。
303	303	1	指強國的中年女性。有美國媒體將其翻譯成英文版本的「Dama」。
304	304	1	「負評」的諧音。
305	305	1	梳乎是「Soft」的諧音，很柔软或很舒服的意思。也可寫成「疏乎」。
306	306	1	原意是「對某人物萌生喜歡的情感」。本來是日本的御宅族用語，對象通常是動漫裡的美少女角色。近年，香港人把「萌」當成「可愛」那樣使用，用來形容任何可愛的人或動物。
307	307	1	指魚柳包。
308	308	1	「harsh」的諧音。刻薄、苛刻的意思。
309	309	1	將「9」字插入「Sorry」中以加強語氣, 亦可寫作「Sor9ly」。
310	310	1	「突破盲點」的另類寫法。意思是找到一個大家都沒有注意到的重點。
311	311	1	網民為歌手李克勤改的花名。\n\n2005年李克勤將一份禮物送給來港進行友誼賽的曼聯, 後來該份禮物被發現遭棄置於更衣室內, 李克勤因而被賦予「送禮勤」稱號。
312	312	1	指香港特首梁振英先生。\n\n「香港電視」免費電視牌照申請被政府否決, 商務及經濟局局長蘇錦樑回應時指已考慮「一籃子」因素後才作出此決定。有輿論認為這其實是「一男子」梁振英因素。
313	313	1	指「要吃好東西」。\n\n男歌手吳業坤本來打算在Facebook上留言「今天工作累了，要吃好東西」, 卻誤寫成「今天工作累了，要吃好西」。「要吃好西」從此被納入潮語字典。
314	314	1	笑的意思。用法跟「XD」一樣。
315	315	1	指進行性行為。
316	316	1	毒男的另類寫法。
317	317	1	加入了中文字幕的動畫、劇集或電影。
318	318	1	沒有字幕的動畫、劇集或電影。
319	319	1	網絡紅人黃宏舜的花名。黃宏舜於2001年9月7日的「都市閒情」中表現林曉培的《娃娃愛天下》, 以獨特舞姿及唱功一曲成名, 因而被賦予「娃娃舜」稱號。
320	320	1	黃宏舜於2001年9月7日的「都市閒情」中表現林曉培的《娃娃愛天下》, 以騎呢的蛇舞配合五音不全的唱功, 節目播出後一直被恥笑, 網民稱他為「娃娃舜」。娃娃舜自此隱匿多年, 逐漸被人們淡忘。\n\n2015年7月27日娃娃舜突然現身荔園, 與雨僑合唱《娃娃愛天下》, 再度表演其獨特蛇舞。雖然及不上專業歌手, 不過娃娃舜的舞姿及唱功都比14年前進步, 娃娃舜的出現獲全場歡呼。\n\n娃娃舜的勇氣、毅力及永不放棄的精神獲得廣大網民認同, 更有網民提議將「娃舜天下」列入成語字典, 以表掦「娃娃舜精神」。
321	321	1	指愛港力、愛港之聲等名字以「愛」字開頭的親政府組織。
322	322	1	漂亮、善良、純潔、溫柔、有如神一般完美無瑕的女生。
323	323	1	「識條鐵咩」或「識條春咩」的另類寫法。指沒有相關知識。
324	324	1	「識條毛咩」或「識條鐵咩」的另類寫法。指沒有相關知識。
325	325	1	「識條毛咩」或「識條春咩」的另類寫法。指沒有相關知識。
326	326	1	形容男生為了追求心儀的女生, 對她無條件的付出, 心甘情願為她做各種事情, 任勞任怨。
327	327	1	學歷低、缺乏獨立思考、人云亦云的中年大叔。
328	328	1	前特首董建華先生在一次記者會上問記者:「貴姓呀？陳生」, 引起全場哄笑。部份網民以「貴姓呀陳生」來取笑董先生。
329	329	1	女性和女性有親密關係, 一般指女同性戀。
330	330	1	2008年因豔照事件而宣佈無限期退出娛樂圈的藝人Edison近日被發現於instagram向一名陌生美女發出一個私訊, 其內容為「U seem like fun」。\n\n私訊內容曝光後, 大批網民擁到Edison的instagram, 每人留下一句「U seem like fun」, 藉此諷刺Edison。\n\n註: 專家指「U seem like fun」的表面意思為「你好似幾玩得」或「你似乎幾有趣」。
331	331	1	男生把女生慢慢逼向牆邊，然後伸出手拍擊牆面並發出「咚」的聲音, 這個姿勢稱為「壁咚」。\n\n「壁咚」能夠讓男生盡展男性魅力, 是最能令女生臉紅心跳的浪漫姿勢之一。
332	332	1	與伴侶或親密朋友在不見得光的地方幽會。\n\n出處：2014年女藝人Coffee被發現與富家公子一起走進殘廁30分鐘，後來Coffee解釋指當時正與朋友在「Gathering」。此事件被網民稱為「殘廁Gathering」。
333	333	1	指香港雨傘運動的反對者。
334	334	1	指香港雨傘運動的參加者或支持者。
335	335	1	「Share」的諧音。
336	336	1	頹廢、不務正業、一事無成的青年。
337	337	1	又稱「毛毛」, 指雜誌《100毛》及網絡媒體平台《毛記電視》的員工。
338	338	1	香港歌手李克勤是公認的零瑕疵歌手，現場演繹完美得像播CD一樣，因為被稱為CD勤。
339	339	1	「點解」的諧音。
340	340	1	「得意」的諧音。
341	341	1	又稱「毒L」或「毒男」。一般指整天待在家裡、沒有自信、不懂與異性相處的男性。\n\n由於毒撚沒有伴侶, 在街上見到別人都一雙一對時會感到難受, 所以社會上出現了「毒撚一個更開心」的說法。
344	344	1	很爽的意思。可以寫成「爽丫丫」或「爽歪歪」。
345	345	1	網民為鍾樹根議員起的花名。
346	346	1	網民為鍾樹根議員起的花名。
347	347	1	以現金購買網絡遊戲中的虛擬物品。
348	348	1	同義詞為刮目相看，指令人對人或物有新的看法。\n油尖旺區一中學教師在課堂上無意地宣揚了“括目相看”此四字詞。
349	349	1	不重要的意思，是「雞毛蒜皮」的同義詞。此新四字詞出自立法會議員鍾樹根準博士。
350	350	1	演員陳豪於電視劇《心花放》中把「面都紅哂」誤說成「紅都面哂」，後來被網民發現，「紅都面哂」自此成為家傳戶曉的潮語。
351	351	1	「濕鳩仔」的諧音。\n\n形容自以為自己很偉大、自我感覺良好的人。
352	352	1	粗口「X你老母」的諧音。
353	353	1	2015年6月18日，33名一直自稱支持政改的建制派議員稱要「等埋發叔」，於投票前一刻集體離場，導致政改議案以8票贊成、28票反對大比數被否決。一班建制派支持者覺得自己被出賣，認為「等埋發叔」只是藉口。\n\n「等埋發叔」自此成為遲到的藉口。
354	354	1	Sorry for 1999，也可以寫成Sor for 1999，其中「1999」是「一鳩九舊」的諧音，即講野一舊舊、不清晰的意思。Sorry for 1999整句的意思為「唔好意思，我講野講到一舊舊」，文雅一點可以寫成「我知道我的話有點辭不達意，請見諒」。
355	355	1	「毒撚」的諧音，跟毒男、毒L意思相同，指經常待在家裡、缺乏自信、不善於交際的男性。
356	356	1	又名「毒男」或「宅男」。一般指整天待在家裡、不愛外出交際、缺乏異性緣的男性。
357	357	1	指廢物。\n蔣麗芸議員於2015年5月7日在立法會小組討論上提到「我可唔可以話你地泛民全部廢燉呢？」
358	358	1	網民在遇上不公平的事時就會說「公平咩」。
359	359	1	完蛋了。
360	360	1	「You are so cheap」的簡寫。
361	361	1	指警察。\n出處：2014年香港雨傘運動其間，警務處處長曾偉雄指警員有如慈母一樣保護示威者。
362	362	1	傻逼
363	363	1	死八婆
364	364	1	「唔知」嘅意思
365	365	1	「講經」形容一個人說話很多，好像讀經文般長篇大論。「講經咩」的意思為「咁L多野講」。
366	366	1	男性和男性有親密關係, 指男同性戀。
367	367	1	出自EXO伯賢，\n形容一件事很可惜
368	368	1	Final Fantasy(電子遊戲)\n形容人愛幻想
369	369	1	大件事喇。
370	370	1	即有着數
371	371	1	l4l是「like for like」的縮寫，常見於Instagram等社交平台，意思是你讚好我的post，我亦會讚好你的post，簡單來說就是互相讚好的意思。
372	372	1	f4f是「follow for follow」的縮寫，常見於Instagram等社交平台，意思是你follow我，我亦會follow你，簡單來說就是互相follow的意思。
373	373	1	Shoefie把shoes及selfie兩字合拼，意思是為當天穿上的鞋拍照。
374	374	1	ootd是「Outfit of the Day」的縮寫，意思是當日穿搭，常見於Instagram，喜歡拍下每天造型的人都會在照片加上#ootd hashtag。
375	375	1	TBT全寫為「Throwback Thursday」，亦可寫作「TB」或「Throwback」，中文可譯作「懷舊星期四」，是一個流行於網路世界的活動，常見於Facebook、Instagram和Twitter等社交平台，網民會上載一些昔日的懷舊照片，並附上#tbt或#ThrowbackThursday hashtag。\n\n最初因為星期四是一星期裡最忙碌的一天，大家都沒有時間拍照，所以就將活動定在星期四，加上Throwback和Thursday兩字押韻，就將活動命名為Throwback Thursday。\n\n後來大家開始於其他日子上傳舊照，就索性將hashtag改為#tb或#Throwback。
376	376	1	佛跳牆的英文寫法，網民把「佛」翻譯為God，並把「跳牆」翻譯為use VPN。
377	377	1	沒錢、沒樣貌、沒身材、沒成就的女性。
378	378	1	Rp=renpin 人品\n姐係人品爆發,好好彩
379	379	1	指「無所謂」。msw取自「無所謂」英文譯音「Mo Sor Wai」開頭的三個英文字母。
380	380	1	「購物」的普通話讀音。
381	381	1	指已經結了婚的女性。
382	382	1	用來代表笑聲，用法跟「呵呵」相似。\n\n注：科科的國語發音像笑聲。
383	383	1	KS是指「其實」。（註：KS是「其實」廣東話發音的首個字母）\n\nKS亦可以指Kill Steal，即一名玩家於網絡遊戲中竊取了另外一名玩家的獵物，俗稱「搶人頭」。
384	384	1	「係咪」的另類寫法。
385	385	1	c hing\n師兄的英文拼音
386	386	1	jed是J的過去式，跟「J左」、「已J」、「已射」意思相近，較文雅的寫法有「已自慰」或「我手淫了」。
387	387	1	指低著頭玩手機的人。
388	388	1	香港特首梁振英夫人受訪時提到「當我知道他是大學講師時，我不禁倒抽一口涼氣」，後來被網民改成「倒抽一口梁氣」。表示失望的意思。
389	389	1	cmg為「Chi Ma Gun」的簡寫，即「黐孖筋」。意思是指別人神經不健全，有兩條腦子神經粘在一起導致功能失常。跟「黐線」、「白癡」及「傻傻地」意思相近。
390	390	1	九菜與搞錯的發音相近
391	391	1	原本是「可惡」的意思, 用作罵人。但近年開始被解作「惡搞」或「搞笑」。
392	392	1	My favourite 我的最愛
393	393	1	由屈機引伸過來, 原意指不能在遊戲中擊敗AI心生傷感之情, 用來被用作形容一切令人心灰的事。
394	394	1	「Bye Bye」的諧音。
395	395	1	「不能同意更多」是由英文「Can't agree more」直接翻譯過來，解作非常同意。
396	396	1	英文happiness，幸福、快樂的意思，諧音happy nest的香港話版本
397	397	1	隔岸觀火、等睇戲
398	398	1	就要死
399	399	1	「無人有」的諧音。
400	400	1	TMD是指粗口「他媽的」，用來表達怨恨、憤怒等情緒。「他媽的」普通話拼音為Tā Mā De，TMD是取自其拼音的首個字母。
401	401	1	指香港特首梁振英先生。
402	402	1	指香港特首梁振英先生 (註：梁振英先生以689票當選第四屆行政長官)。\n\n由於689中少了7字，因此689亦有「無柒用」的意思。
403	403	1	「嗯嗯」的諧音。
404	404	1	「好多事」的諧音，多管閒事的意思。可重複數次加強語氣。
405	405	1	意思指外表決定一切。一個人的外表端正，異性緣通常都不錯，收入也不會差。相反，欠缺外表的人則注定欠缺異性緣，事業亦相對較難成功。
406	406	1	很傻的行為
407	407	1	指女性的胸部。
408	408	1	笑爆
409	409	1	感到遺憾或很抱歉
410	410	1	nofilter是常見於Instagram的hashtag。Instagram提供了許多filter（濾鏡），大家在分享照片時都喜歡搭上不同濾鏡，讓照片更漂亮迷人。而在照片上加上#nofilter hashtag的意思是指這張照片沒有加入任何濾鏡。
411	411	1	八卦，消息靈通
412	412	1	指朋友，也可以寫成「friend子」。
413	413	1	步入中年的女性。
414	414	1	在「睇住」中插入「L」字加強語氣。
415	415	1	「撚」字的代詞。
416	416	1	MCM全寫為「Man Crush on Monday」，是美國流行的一項網絡活動，大家會在星期一分享自己喜歡的男生照片，通常是男星或名人。
417	417	1	WCW全寫為「Woman Crush on Wednesday」，是美國流行的一項網絡活動，大家會在星期三分享自己喜歡的女生照片，通常是女星或名人。
418	418	1	即「仆街」。\n註: 「不該」的普通話讀音與「仆街」的廣東話讀音相近。
419	419	1	wts是手機通訊軟件Whatsapp的簡寫。\nwts連結：https://web.whatsapp.com/
420	420	1	將一些複雜的事件或資料完整地整合成一篇簡單的文章，被整合的文章稱之為「懶人包」。
421	421	1	香港四大論壇之一「親子王國 Baby Kingdom」的簡寫。\n\n注：香港四大論壇分別為香港討論區、Uwants、高登及親子王國。
422	422	1	「大撚鑊」的諧音。\n\n也可以寫成「大檸鑊」。
423	423	1	「Never mind」的簡寫，即「不要在意」的意思。
424	424	1	囧是一個表情符號，有人認為它看起來像失落的表情，亦有人認為這是一個驚訝的表情。\n可寫成「囧rz」增強意境。
425	425	1	A380是指情場高手，擁有極豐富的戀愛經驗。相反，A0是指從來沒有戀愛過的單身人士。
426	426	1	Double May是指胸部豐滿的女生。
427	427	1	「Instagram」的簡寫。
428	428	1	「Facebook」的簡寫。
429	429	1	保安員
430	430	1	透過三個助語詞，將使用者當時的內心感受注入到「拜拜」之中，把平凡的道別昇華到另一個層次。\n\n「89078」亦可以解作「白痴你走吧」。
431	431	1	韓文感謝嘅意思
432	432	1	「笑死我」的英文寫法。
433	433	1	「白痴」的諧音。
434	434	1	「靚女」的火星文寫法
435	435	1	快點兒
436	436	1	明明只是微不足道的路人甲卻以為自己很重要，過份高看自己。「濕鳩」亦可寫成「19」。
437	437	1	台灣人對女生的稱呼，可以解作妹妹、美眉或美女。
438	438	1	指單身且從來沒有拍過拖。
439	439	1	指一些可以挑起男生性慾的性感女生照片，不少男生會藉j圖來自慰。
440	440	1	意思是「何不兩者都要？」。
441	441	1	dls是粗口Diu La Sing（X那星）的英文縮寫。
442	442	1	「hi-bye friend」指見面只會打招呼的所謂朋友。
443	443	1	「firm」常見於大學生圈子，意思跟「close」相似。「好firm既朋友」是指真正的朋友、親密既死黨，相反詞為「hi-bye friend」。
444	444	1	做一些愚蠢的事情，或者發表一些愚蠢的言論。
445	445	1	傳聞指香港首富李嘉誠為防止員工因打風導致無法上班, 所以開發了李氏力場來抵禦颱風。每當有颱風出現, 李氏力場就會啟動, 防止颱風接近香港。
446	446	1	攝影愛好者
447	447	1	耍帥、擺出懶型pose。
448	448	1	粗口「X你老母」的諧音。
449	449	1	形容一個人很麻煩、很難搞、要求多多。
450	450	1	粵語粗口「戇鳩」的同義詞。
451	451	1	當不相信人們說的話，而對人開玩笑的說（你繼續講丫！）
452	452	1	沈悶、無新鮮感
453	453	1	指男性在沒有用避孕套的情況下在女性的體內射精。
454	454	1	脾：兩腿之間\n液：液體\n了：鳥的同音\n由 baby kingdom 一位咤叱一時的會員"lazyb***j**y" 所創，用來形容她與其丈夫。相信原文想寫＂比翼鳥＂。後來被用來借代房事。
455	455	1	部份網民以「禮義廉」稱呼政黨民建聯, 諷刺他們「無恥」。
456	456	1	898為「拜鳩拜」的諧音，助語詞「鳩」讓一句簡單的「拜拜」注入了挑釁性。
457	457	1	「笑了」的諧音。
458	458	1	Laugh Bird直翻譯為中文就是「笑鳥」，即「笑了」的諧音。
459	459	1	PS是指圖像處理軟件Photoshop的簡寫。P圖則是指以Photoshop或類似圖像處理軟件修圖。\n\nPS有另一個意思是指「備註」、「附註」或「注釋」，為Postscript或Post Scriptum的縮寫。用法是在文章末加上PS然後寫下備註內容，用作補充文章的不足，讓內容更詳細。也可以寫成「ps」、「P.S.」或「p.s.」。
460	460	1	形容行為幼稚得像小學生的人。
461	461	1	台語「對不起」的國語諧音。
462	462	1	又稱「凸點」，指乳頭的形狀隔著衣服浮現出來，此現象通常於女生沒戴胸罩而衣服偏薄的情況下出現。「飛釘」亦同樣適用於男生。
463	463	1	「You too」的諧音。
464	464	1	「無理由」的諧音。
465	465	1	brother的中文譯音, 即兄弟的意思
466	466	1	一班人圍著垃圾桶吸煙
467	467	1	不好笑的笑話，又稱冷笑話。
468	468	1	懶散、不認真、無所事事
470	470	1	「集郵」原本的意思是指收集郵票，潮語「集郵」的意思則是指同時追求多名異性或性伴侶。
471	471	1	屯門，天水圍與元朗一帶地方距離九龍，港島，離島等地頗為遙遠。平日生活主要在港九的香港人甚少去屯門，天水圍與元朗一帶地方。故此，他們若表達自己難得去該地方，會以「大西北」取代地名，突顯該地方對於他們來說有多遙遠。
472	472	1	「Happy Birthday」的簡寫。
473	473	1	指女生的乳溝。
474	474	1	Sorry的簡寫。
475	475	1	指父母親皆不是香港居民的小孩。
476	476	1	指很肥的女生。
477	477	1	指「非常錯誤」。
478	478	1	「躺著也中槍」簡寫「躺槍」，指某人甚麼也沒做過，沒招惹過別人卻被別人攻擊，無辜地受牽連。
479	479	1	Hi Auntie字面上是「伯母你好」的意思，實際上是指粗口「X你老母」。
480	480	1	「Laughing My Ass Off」的簡寫，意思是笑得不行了。
481	481	1	指某一方面的高手或專家。
482	482	1	「潮文」中的「潮」字本身是指潮流，這裡用作反語，潮文是指一些舊的網絡文章，通常為網絡傳言或一些半真半假的新聞，不少潮文最終演變為疑幻疑真的都市傳說，一般網民都會一笑置之，但亦有網民會信而為真。
483	483	1	知道某人很急需要幫助，但完全沒有意思想盡快解決，因此用這句說話來敷衍。
484	484	1	潮語，即潮流用語，英文可譯作Trendy Words或Popular Slang，是指以前從沒出現過，現在由年輕一代所創造出來的詞語，以嶄新的演繹手法將傳統詞彙重新包裝。潮語跟傳統詞彙最大的分別是潮語具有時代性，壽命較短。
485	485	1	欠缺社交能力的單身男性
486	486	1	一般指貪錢及性格頑劣的香港女性。
487	487	1	一般人看不懂的語言。
488	488	1	指某人消失了好一段時間。
489	489	1	崇尚潮流的兒童
490	490	1	讓別人停止某種行為，非常不禮貌的用語。
491	491	1	已答應會出席，但最後卻沒有出席
492	492	1	年輕的女性模特兒
493	493	1	英語「Support」的粵語簡音，表示支持的意思。
494	494	1	實力比對手強很多，令對手毫無招架能力。
495	495	1	指口部張開得很大，呈O形，驚訝的表情。亦可以寫成「O咀」或「O左」。
496	496	1	網絡遊戲術語，升級的意思。
497	497	1	XOXO中的X代表親親（kiss），O代表抱抱（hug），XOXO是指親親抱抱。常見於短信或書信，親友、戀人之間會在信末寫上XOXO，代表一份友誼或愛情。
498	498	1	即「冇膽鬼」，形容一個人沒有膽量，也可以寫成「你咁龜毛」。
499	499	1	cfu為「師傅」的諧音。
500	500	1	「放毒」是指將美食照片分享至社交平台而令人垂涎欲滴，分享旅遊照片從而勾起大家對旅行的欲望也可以稱為「放毒」。
501	501	1	「平行時空」亦有人稱作「平行宇宙」或「平行世界」，是指另一個世界裡面有另一個自己過著不一樣的生活，有著不一樣的故事。
502	502	1	「好cam」用來形容某人娘娘腔，即乸型，或好基。
503	503	1	「燈神」是指一些經常在股市、賭博、寶事等中預測結果，但最終結果剛剛跟其預測相反。
504	504	1	「裝逼」亦可寫成「裝b」，是指裝厲害、裝模作樣、扮哂野的意思。
505	505	1	6299中的62是「老爺」的諧音，99的英名nine nine則是「奶奶」的諧音，加起上來就是老爺奶奶。
506	506	1	mm7是「正」的意思。註：mm7為「正」字的速成碼。
\.


--
-- Data for Name: situation_types; Type: TABLE DATA; Schema: public; Owner: pj1
--

COPY public.situation_types (id, type) FROM stdin;
1	疾病
2	生活
3	戀愛
4	時事
5	國際
6	工作
7	知名人物(明星以外)
8	明星
9	商業
10	一般人物
11	游戲
12	歌曲
13	地方
14	運動
\.


--
-- Data for Name: user_fav_words; Type: TABLE DATA; Schema: public; Owner: kevincheng
--

COPY public.user_fav_words (id, user_id, idiom_id) FROM stdin;
1	2	32
2	2	293
3	2	246
4	2	500
5	2	57
6	2	173
7	2	474
8	2	416
9	2	303
10	2	229
11	2	90
12	2	6
\.


--
-- Data for Name: users; Type: TABLE DATA; Schema: public; Owner: pj1
--

COPY public.users (id, username, email, profile_pic, is_admin, is_banned, created_at, updated_at, google_token, dark_mode) FROM stdin;
1	admin1	1@2.com	\N	t	f	2021-04-08 13:48:51.783873	2021-04-08 13:48:51.783873	\N	t
2	kevincheng	wkchengab@gmail.com	https://lh6.googleusercontent.com/-AfLzEiWclCs/AAAAAAAAAAI/AAAAAAAAAAA/AMZuucnVsotNycF3l2yRTEr1UTv-d6iTEA/s96-c/photo.jpg	f	f	2021-04-08 16:03:34.657782	2021-04-08 16:03:34.657782	ya29.a0AfH6SMA-gPx051h_P4KEmttQhP65PYN9WnUHBqZttzCdkCjxzYE8iqlIC_Uc09swcDfGOVtroek8pAWi6VtSZl1fWc9fjViG1wps-bXrLpRxk5UJr1AGXIHepd15g6EoEHfb0ok6hSltJnhL3RnWXcEe-PNC	t
3	\N	wkchengaa@gmail.com	https://lh4.googleusercontent.com/-FNlENstVbGQ/AAAAAAAAAAI/AAAAAAAAAAA/AMZuucmF9UXX6QDB_zpvs2qSte3k6u45fA/s96-c/photo.jpg	f	f	2021-04-12 02:20:24.187978	2021-04-12 02:20:24.187978	ya29.a0AfH6SMDa6EpBgkuZczpDkYQ9DS9cMpjGdmBOnZKkq9bQw5XYUcx_dNZcbdUc1t-3pP5U-hmRtk3mB0nCQEgmO879pr_AlgRQVltNNr0RyRqUIJm6ilT68dAEL6Q4J_ZUxpPEE96DbX9JzUfCtxQncpmlmuVX	t
\.


--
-- Name: chatroom_data_id_seq; Type: SEQUENCE SET; Schema: public; Owner: kevincheng
--

SELECT pg_catalog.setval('public.chatroom_data_id_seq', 165, true);


--
-- Name: examples_id_seq; Type: SEQUENCE SET; Schema: public; Owner: pj1
--

SELECT pg_catalog.setval('public.examples_id_seq', 613, true);


--
-- Name: idiom_situations_id_seq; Type: SEQUENCE SET; Schema: public; Owner: pj1
--

SELECT pg_catalog.setval('public.idiom_situations_id_seq', 506, true);


--
-- Name: idiom_types_id_seq; Type: SEQUENCE SET; Schema: public; Owner: pj1
--

SELECT pg_catalog.setval('public.idiom_types_id_seq', 3, true);


--
-- Name: idioms_id_seq; Type: SEQUENCE SET; Schema: public; Owner: pj1
--

SELECT pg_catalog.setval('public.idioms_id_seq', 513, true);


--
-- Name: initiate_words_id_seq; Type: SEQUENCE SET; Schema: public; Owner: pj1
--

SELECT pg_catalog.setval('public.initiate_words_id_seq', 758, true);


--
-- Name: meanings_id_seq; Type: SEQUENCE SET; Schema: public; Owner: pj1
--

SELECT pg_catalog.setval('public.meanings_id_seq', 507, true);


--
-- Name: situation_types_id_seq; Type: SEQUENCE SET; Schema: public; Owner: pj1
--

SELECT pg_catalog.setval('public.situation_types_id_seq', 14, true);


--
-- Name: user_fav_words_id_seq; Type: SEQUENCE SET; Schema: public; Owner: kevincheng
--

SELECT pg_catalog.setval('public.user_fav_words_id_seq', 12, true);


--
-- Name: users_id_seq; Type: SEQUENCE SET; Schema: public; Owner: pj1
--

SELECT pg_catalog.setval('public.users_id_seq', 3, true);


--
-- Name: chatroom_data chatroom_data_pkey; Type: CONSTRAINT; Schema: public; Owner: kevincheng
--

ALTER TABLE ONLY public.chatroom_data
    ADD CONSTRAINT chatroom_data_pkey PRIMARY KEY (id);


--
-- Name: examples examples_pkey; Type: CONSTRAINT; Schema: public; Owner: pj1
--

ALTER TABLE ONLY public.examples
    ADD CONSTRAINT examples_pkey PRIMARY KEY (id);


--
-- Name: idiom_situations idiom_situations_pkey; Type: CONSTRAINT; Schema: public; Owner: pj1
--

ALTER TABLE ONLY public.idiom_situations
    ADD CONSTRAINT idiom_situations_pkey PRIMARY KEY (id);


--
-- Name: idiom_types idiom_types_pkey; Type: CONSTRAINT; Schema: public; Owner: pj1
--

ALTER TABLE ONLY public.idiom_types
    ADD CONSTRAINT idiom_types_pkey PRIMARY KEY (id);


--
-- Name: idiom_types idiom_types_type_key; Type: CONSTRAINT; Schema: public; Owner: pj1
--

ALTER TABLE ONLY public.idiom_types
    ADD CONSTRAINT idiom_types_type_key UNIQUE (type);


--
-- Name: idioms idioms_key_key; Type: CONSTRAINT; Schema: public; Owner: pj1
--

ALTER TABLE ONLY public.idioms
    ADD CONSTRAINT idioms_key_key UNIQUE (key);


--
-- Name: idioms idioms_pkey; Type: CONSTRAINT; Schema: public; Owner: pj1
--

ALTER TABLE ONLY public.idioms
    ADD CONSTRAINT idioms_pkey PRIMARY KEY (id);


--
-- Name: initiate_words initiate_words_pkey; Type: CONSTRAINT; Schema: public; Owner: pj1
--

ALTER TABLE ONLY public.initiate_words
    ADD CONSTRAINT initiate_words_pkey PRIMARY KEY (id);


--
-- Name: meanings meanings_pkey; Type: CONSTRAINT; Schema: public; Owner: pj1
--

ALTER TABLE ONLY public.meanings
    ADD CONSTRAINT meanings_pkey PRIMARY KEY (id);


--
-- Name: situation_types situation_types_pkey; Type: CONSTRAINT; Schema: public; Owner: pj1
--

ALTER TABLE ONLY public.situation_types
    ADD CONSTRAINT situation_types_pkey PRIMARY KEY (id);


--
-- Name: situation_types situation_types_type_key; Type: CONSTRAINT; Schema: public; Owner: pj1
--

ALTER TABLE ONLY public.situation_types
    ADD CONSTRAINT situation_types_type_key UNIQUE (type);


--
-- Name: user_fav_words user_fav_words_idiom_id_key; Type: CONSTRAINT; Schema: public; Owner: kevincheng
--

ALTER TABLE ONLY public.user_fav_words
    ADD CONSTRAINT user_fav_words_idiom_id_key UNIQUE (idiom_id);


--
-- Name: user_fav_words user_fav_words_pkey; Type: CONSTRAINT; Schema: public; Owner: kevincheng
--

ALTER TABLE ONLY public.user_fav_words
    ADD CONSTRAINT user_fav_words_pkey PRIMARY KEY (id);


--
-- Name: users users_email_key; Type: CONSTRAINT; Schema: public; Owner: pj1
--

ALTER TABLE ONLY public.users
    ADD CONSTRAINT users_email_key UNIQUE (email);


--
-- Name: users users_pkey; Type: CONSTRAINT; Schema: public; Owner: pj1
--

ALTER TABLE ONLY public.users
    ADD CONSTRAINT users_pkey PRIMARY KEY (id);


--
-- Name: users users_username_key; Type: CONSTRAINT; Schema: public; Owner: pj1
--

ALTER TABLE ONLY public.users
    ADD CONSTRAINT users_username_key UNIQUE (username);


--
-- Name: examples examples_idiom_id_fkey; Type: FK CONSTRAINT; Schema: public; Owner: pj1
--

ALTER TABLE ONLY public.examples
    ADD CONSTRAINT examples_idiom_id_fkey FOREIGN KEY (idiom_id) REFERENCES public.idioms(id) ON DELETE CASCADE;


--
-- Name: idiom_situations idiom_situations_idiom_id_fkey; Type: FK CONSTRAINT; Schema: public; Owner: pj1
--

ALTER TABLE ONLY public.idiom_situations
    ADD CONSTRAINT idiom_situations_idiom_id_fkey FOREIGN KEY (idiom_id) REFERENCES public.idioms(id) ON DELETE CASCADE;


--
-- Name: idiom_situations idiom_situations_situation_types_id_fkey; Type: FK CONSTRAINT; Schema: public; Owner: pj1
--

ALTER TABLE ONLY public.idiom_situations
    ADD CONSTRAINT idiom_situations_situation_types_id_fkey FOREIGN KEY (situation_types_id) REFERENCES public.situation_types(id) ON DELETE CASCADE;


--
-- Name: idioms idioms_idiom_type_fkey; Type: FK CONSTRAINT; Schema: public; Owner: pj1
--

ALTER TABLE ONLY public.idioms
    ADD CONSTRAINT idioms_idiom_type_fkey FOREIGN KEY (idiom_type) REFERENCES public.idiom_types(type);


--
-- Name: initiate_words initiate_words_idiom_id_fkey; Type: FK CONSTRAINT; Schema: public; Owner: pj1
--

ALTER TABLE ONLY public.initiate_words
    ADD CONSTRAINT initiate_words_idiom_id_fkey FOREIGN KEY (idiom_id) REFERENCES public.idioms(id) ON DELETE CASCADE;


--
-- Name: meanings meanings_idiom_id_fkey; Type: FK CONSTRAINT; Schema: public; Owner: pj1
--

ALTER TABLE ONLY public.meanings
    ADD CONSTRAINT meanings_idiom_id_fkey FOREIGN KEY (idiom_id) REFERENCES public.idioms(id) ON DELETE CASCADE;


--
-- Name: meanings meanings_user_id_fkey; Type: FK CONSTRAINT; Schema: public; Owner: pj1
--

ALTER TABLE ONLY public.meanings
    ADD CONSTRAINT meanings_user_id_fkey FOREIGN KEY (user_id) REFERENCES public.users(id) ON DELETE CASCADE;


--
-- Name: user_fav_words user_fav_words_idiom_id_fkey; Type: FK CONSTRAINT; Schema: public; Owner: kevincheng
--

ALTER TABLE ONLY public.user_fav_words
    ADD CONSTRAINT user_fav_words_idiom_id_fkey FOREIGN KEY (idiom_id) REFERENCES public.idioms(id) ON DELETE CASCADE;


--
-- Name: user_fav_words user_fav_words_user_id_fkey; Type: FK CONSTRAINT; Schema: public; Owner: kevincheng
--

ALTER TABLE ONLY public.user_fav_words
    ADD CONSTRAINT user_fav_words_user_id_fkey FOREIGN KEY (user_id) REFERENCES public.users(id) ON DELETE CASCADE;


--
-- PostgreSQL database dump complete
--

